nr_crt,sucursala,departament,denumire_persoana_juridica,adresa_imobil,constructie_mp,teren_mp,tip_contract,modalitate_atribuire,data_inceput,data_incetare,pret_ron,pret_eur
1,SUCURSALA DE REPREZENTARE ȘI PROTOCOL ”VICTORIA” CLUJ-NAPOCA,,Ti Trust Invest SA,"Str. Zăvoiului, Nr. 38, Băile Herculane, Jud. Caraș- Severin","779,13",2313,închiriere,licitație publică,14-Nov-24,13-Nov-29,,1541
2,SUCURSALA DE REPREZENTARE ȘI PROTOCOL ”VICTORIA” CLUJ-NAPOCA,,Generation Tennis Timisoara SRL,"Calea Dorobantilor, nr. 94, Timisoara, jud. Timis",,4500,închiriere,licitație publică,28-Apr-22,27-Apr-27,,1461
3,SUCURSALA DE REPREZENTARE ȘI PROTOCOL ”VICTORIA” CLUJ-NAPOCA,,Generation Tennis Timisoara SRL,"Calea Dorobantilor, nr. 94, Timisoara, jud. Timis",58,,închiriere,licitație publică,25-Mar-24,24-Mar-29,,72.8
4,SUCURSALA DE REPREZENTARE ȘI PROTOCOL ”VICTORIA” CLUJ-NAPOCA,,Nicol Rom SRL,"Str. Libertatii, Nr. 63, Apahida, Jud. Cluj",672,,închiriere,licitație publică,6-Jul-21,5-Jul-26,,1182
5,SUCURSALA DE REPREZENTARE ȘI PROTOCOL ”VICTORIA” CLUJ-NAPOCA,,Suprema Plus SRL,"Str. Libertatii, Nr. 63, Apahida, Jud. Cluj",226,,închiriere,licitație publică,22-Sep-22,21-Sep-27,,405
6,SUCURSALA DE REPREZENTARE ȘI PROTOCOL ”VICTORIA” CLUJ-NAPOCA,,Marica Mihaela Melania PFA,"B-dul 21Decembrie, nr.54- 56, Cluj Napoca, Jud. Cluj",13.5,,închiriere,licitație publică,5-Feb-25,4-Feb-30,,200
7,SUCURSALA DE REPREZENTARE ȘI PROTOCOL ”VICTORIA” CLUJ-NAPOCA,,Activ Business Estate SRL,"B-dul 21Decembrie, nr.54- 56, Cluj Napoca, Jud. Cluj",9.2,,închiriere,licitație publică,2-Feb-22,1-Feb-27,,130
8,SUCURSALA DE REPREZENTARE ȘI PROTOCOL ”VICTORIA” CLUJ-NAPOCA,,Activ Business Estate SRL,"B-dul 21Decembrie, nr.54- 56, Cluj Napoca, Jud. Cluj",22,,închiriere,licitație publică,5-Feb-25,4-Feb-30,,220
9,SUCURSALA DE REPREZENTARE ȘI PROTOCOL ”VICTORIA” CLUJ-NAPOCA,,Reset Imobiliare SRL,"B-dul 21Decembrie, nr.54- 56, Cluj Napoca, Jud. Cluj",22,,închiriere,licitație publică,20-May-25,19-May-30,,188
10,SUCURSALA DE REPREZENTARE ȘI PROTOCOL ”VICTORIA” CLUJ-NAPOCA,,Create Beauty Distribution SRL,"B-dul 21Decembrie, nr.54- 56, Cluj Napoca, Jud. Cluj",43.55,,închiriere,licitație publică,11-Apr-24,10-Apr-29,,385
11,SUCURSALA DE REPREZENTARE ȘI PROTOCOL ”VICTORIA” CLUJ-NAPOCA,,Vantage Towers SRL,"B-dul 21Decembrie, nr.54- 56, Cluj Napoca, Jud. Cluj",53,,închiriere,licitație publică,24-Apr-25,23-Apr-30,,1484
12,SUCURSALA DE REPREZENTARE ȘI PROTOCOL ”VICTORIA” CLUJ-NAPOCA,,Orange Romania SA,"B-dul 21Decembrie, nr.54- 56, Cluj Napoca, Jud. Cluj",25,,închiriere,licitație publică,12-Dec-23,11-Dec-28,,725
13,SUCURSALA DE REPREZENTARE ȘI PROTOCOL ”VICTORIA” CLUJ-NAPOCA,,DIGI Romania SA,"B-dul 21Decembrie, nr.54- 56, Cluj Napoca, Jud. Cluj",10,,închiriere,licitație publică,16-Feb-26,15-Feb-31,,280
14,SUCURSALA DE REPREZENTARE ȘI PROTOCOL ”VICTORIA” CLUJ-NAPOCA,,Banca Comerciala Romana SA,"B-dul 21Decembrie, nr.54- 56, Cluj Napoca, Jud. Cluj",20.9,,închiriere,licitație publică,16-Feb-26,15-Feb-31,,260
1,SUCURSALA DE REPREZENTARE ȘI PROTOCOL NEPTUN,,DIGI ROMANIA,"TERASA COMPLEXULUI DOINA DIN str.PLOPILOR NR.12A, NEPTUN",10,,inchiriere,licitație publică,10-Jan-25,16-Jan-30,,464
2,SUCURSALA DE REPREZENTARE ȘI PROTOCOL NEPTUN,,INTREPRINDERE INDIVIDUALA TUIU ADRIAN DANIEL,TEREN 100MP HOTEL DACIA ALEEA STEAGURILOR NR.1,,100,inchiriere,licitație publică,12-Mar-26,12-Mar-30,,380
1,SUCURSALA PENTRU ADMINISTRAREA ȘI ÎNTREȚINEREA FONDULUI IMOBILIAR,,AMEROM COMPROD 1953 IMPEX S.R.L.,P-TA PRESEI LIBERE NR.1,26.00,,Închiriere și prestări servicii,Licitație publică/Folosinta spatiu fara titlu,19-Mar-2021,31 Mar 2026 In procedura de scoatere la licitatie,85.98,468.00
2,SUCURSALA PENTRU ADMINISTRAREA ȘI ÎNTREȚINEREA FONDULUI IMOBILIAR,,TELEKOM ROMANIA MOBILE COMMUNICATIONS S.A,P-TA PRESEI LIBERE NR.1,30.00,,Închiriere și prestări servicii,Licitație publică/Folosinta spatiu fara titlu,11-Feb-2021,10 Feb 2026 In procedura de scoatere la licitatie,335.81,720.00
3,SUCURSALA PENTRU ADMINISTRAREA ȘI ÎNTREȚINEREA FONDULUI IMOBILIAR,,Uniunea Editorilor din Romania,P-TA PRESEI LIBERE NR.1,40.00,,Închiriere și prestări servicii,Licitație publică,10-Feb-2022,9-Feb-2027,851.65,151.69
4,SUCURSALA PENTRU ADMINISTRAREA ȘI ÎNTREȚINEREA FONDULUI IMOBILIAR,,FUTURE LINE COMPUTERS,P-TA PRESEI LIBERE NR.1,75.40,,Închiriere și prestări servicii,Licitație publică,17-Dec-2021,31-Jan-2027,214.89,791.70
5,SUCURSALA PENTRU ADMINISTRAREA ȘI ÎNTREȚINEREA FONDULUI IMOBILIAR,,TELEKOM ROMANIA MOBILE COMMUNICATIONS S.A,P-TA PRESEI LIBERE NR.1,12.00,,Închiriere și prestări servicii,Licitație publică/Folosinta spatiu fara titlu,11-Feb-2021,10 Feb 2026 In procedura de scoatere la licitatie,133.12,288.00
6,SUCURSALA PENTRU ADMINISTRAREA ȘI ÎNTREȚINEREA FONDULUI IMOBILIAR,,CONSILIUL CONCURENTEI,P-TA PRESEI LIBERE NR.1,10786.00,,Închiriere și prestări servicii,Atribuire directă,22-Apr-2026,30-Sep-2026,463110.77,
7,SUCURSALA PENTRU ADMINISTRAREA ȘI ÎNTREȚINEREA FONDULUI IMOBILIAR,,GTS TELECOM S.R.L.,P-TA PRESEI LIBERE NR.1,29.91,,Închiriere și prestări servicii,Licitație publică,28-Sep-2023,27-Sep-2028,587.65,257.33
8,SUCURSALA PENTRU ADMINISTRAREA ȘI ÎNTREȚINEREA FONDULUI IMOBILIAR,,GROUP MEDIA SUPPORT & CONSULTING S.R.L.,P-TA PRESEI LIBERE NR.1,213.40,,Închiriere și prestări servicii,Licitație publică,4-Mar-2022,3-Mar-2027,3401.91,839.71
9,SUCURSALA PENTRU ADMINISTRAREA ȘI ÎNTREȚINEREA FONDULUI IMOBILIAR,,GROUP MEDIA SUPPORT & CONSULTING S.R.L.,P-TA PRESEI LIBERE NR.1,87.84,,Închiriere și prestări servicii,Licitație publică,10-Jun-2021,30-Jun-2026,155.48,491.90
10,SUCURSALA PENTRU ADMINISTRAREA ȘI ÎNTREȚINEREA FONDULUI IMOBILIAR,,GROUP MEDIA SUPPORT & CONSULTING S.R.L.,P-TA PRESEI LIBERE NR.1,100.00,,Închiriere,Licitație publică,22-Jan-2025,21-Jan-2027,,280.00
11,SUCURSALA PENTRU ADMINISTRAREA ȘI ÎNTREȚINEREA FONDULUI IMOBILIAR,,START MEDIA S.R.L.,P-TA PRESEI LIBERE NR.1,92.41,,Închiriere și prestări servicii,Licitație publică,11-Nov-2022,10-Nov-2027,1117.20,517.67
12,SUCURSALA PENTRU ADMINISTRAREA ȘI ÎNTREȚINEREA FONDULUI IMOBILIAR,,EDITURA MAXIM CONCEPT,P-TA PRESEI LIBERE NR.1,422.90,,Închiriere și prestări servicii,Licitație publică,29-Jan-2026,28-Jan-2027,8965.70,3863.26
13,SUCURSALA PENTRU ADMINISTRAREA ȘI ÎNTREȚINEREA FONDULUI IMOBILIAR,,EDITURA MAXIM CONCEPT,P-TA PRESEI LIBERE NR.1,59.75,,Închiriere și prestări servicii,Licitație publică,16-Oct-2024,15-Oct-2029,2231.46,300.99
14,SUCURSALA PENTRU ADMINISTRAREA ȘI ÎNTREȚINEREA FONDULUI IMOBILIAR,,PRIME TELECOM,P-TA PRESEI LIBERE NR.1,26.93,,Închiriere și prestări servicii,Licitație publică,17-May-2022,16-May-2027,530.71,113.46
15,SUCURSALA PENTRU ADMINISTRAREA ȘI ÎNTREȚINEREA FONDULUI IMOBILIAR,,S.C MANPRES DISTRIBUTION S.R.L.,P-TA PRESEI LIBERE NR.1,149.11,,Închiriere și prestări servicii,Licitație publică,12-Aug-2021,14-Aug-2026,3221.10,564.80
16,SUCURSALA PENTRU ADMINISTRAREA ȘI ÎNTREȚINEREA FONDULUI IMOBILIAR,,ORANGE ROMANIA S.A.,P-TA PRESEI LIBERE NR.1,20.00,,Închiriere,Licitație publică,18-Feb-2026,17-Feb-2027,,200.00
17,SUCURSALA PENTRU ADMINISTRAREA ȘI ÎNTREȚINEREA FONDULUI IMOBILIAR,,INES GROUP S.R.L.,P-TA PRESEI LIBERE NR.1,15.12,,Închiriere și prestări servicii,Licitație publică,29-Jul-2021,31-Jul-2026,472.54,80.50
18,SUCURSALA PENTRU ADMINISTRAREA ȘI ÎNTREȚINEREA FONDULUI IMOBILIAR,,AUTORITATEA NATIONALA SANITARA VETERINARA SI PENTRU SIGURANTA ALIMENTELOR,P-TA PRESEI LIBERE NR.1,4233.87,,Închiriere și prestări servicii,Atribuire directă,8-Apr-2026,31-Aug-2026,170539.33,
19,SUCURSALA PENTRU ADMINISTRAREA ȘI ÎNTREȚINEREA FONDULUI IMOBILIAR,,SN DE RADIOCOMUNICATII- DIR.RADIOCOM.BUCURESTI,P-TA PRESEI LIBERE NR.1,132.49,,Închiriere și prestări servicii,Licitație publică,23-Apr-2026,22-Apr-2027,2558.86,875.36
20,SUCURSALA PENTRU ADMINISTRAREA ȘI ÎNTREȚINEREA FONDULUI IMOBILIAR,,DIGI ROMANIA S.A.,P-TA PRESEI LIBERE NR.1,10.00,,Închiriere și prestări servicii,Licitație publică,16-Jan-2026,15-Jan-2027,112.94,700.00
21,SUCURSALA PENTRU ADMINISTRAREA ȘI ÎNTREȚINEREA FONDULUI IMOBILIAR,,S.C. TOPO TERRA METRIC S.R.L.,P-TA PRESEI LIBERE NR.1,27.67,,Închiriere și prestări servicii,Licitație publică,17-Jun-2022,19-Jun-2027,566.19,102.60
22,SUCURSALA PENTRU ADMINISTRAREA ȘI ÎNTREȚINEREA FONDULUI IMOBILIAR,,SC.AIM ATTUNED TECHNOLOGIES S.R.L,P-TA PRESEI LIBERE NR.1,134.61,,Închiriere și prestări servicii,Licitație publică,13-Dec-2023,12-Dec-2028,3233.63,556.31
23,SUCURSALA PENTRU ADMINISTRAREA ȘI ÎNTREȚINEREA FONDULUI IMOBILIAR,,SC.AIM ATTUNED TECHNOLOGIES S.R.L,P-TA PRESEI LIBERE NR.1,69.78,,Închiriere și prestări servicii,Licitație publică,27-Feb-2023,14-Mar-2028,1711.92,256.97
24,SUCURSALA PENTRU ADMINISTRAREA ȘI ÎNTREȚINEREA FONDULUI IMOBILIAR,,MINISTERUL CULTURII SI PATRIMONIULUI NATIONAL- INSTITUTUL NATIONAL AL PATRIMONIULUI,P-TA PRESEI LIBERE NR.1,437.46,,Închiriere și prestări servicii,Atribuire directă,22-Sep-2025,31-Aug-2026,12402.99,
25,SUCURSALA PENTRU ADMINISTRAREA ȘI ÎNTREȚINEREA FONDULUI IMOBILIAR,,C.E. MAGAZIN S.R.L.,P-TA PRESEI LIBERE NR.1,83.60,,Închiriere și prestări servicii,Licitație publică,10-Feb-2022,9-Feb-2027,1847.16,263.89
26,SUCURSALA PENTRU ADMINISTRAREA ȘI ÎNTREȚINEREA FONDULUI IMOBILIAR,,S.C. HUMANITAS S.A.,P-TA PRESEI LIBERE NR.1,685.52,,Închiriere și prestări servicii,Licitație publică,20-Feb-2026,19-Feb-2027,13796.27,3916.40
27,SUCURSALA PENTRU ADMINISTRAREA ȘI ÎNTREȚINEREA FONDULUI IMOBILIAR,,S.C. LIBRARIILE HUMANITAS S.A.,P-TA PRESEI LIBERE NR.1,222.14,,Închiriere și prestări servicii,Licitație publică,20-Feb-2026,19-Feb-2027,4367.41,1321.67
28,SUCURSALA PENTRU ADMINISTRAREA ȘI ÎNTREȚINEREA FONDULUI IMOBILIAR,,S.C. HUMANITAS FICTION S.R.L.,P-TA PRESEI LIBERE NR.1,184.52,,Închiriere și prestări servicii,Licitație publică,20-Feb-2026,19-Feb-2027,3729.17,1118.64
29,SUCURSALA PENTRU ADMINISTRAREA ȘI ÎNTREȚINEREA FONDULUI IMOBILIAR,,ORANGE ROMANIA S.A.,P-TA PRESEI LIBERE NR.1,147.19,,Închiriere și prestări servicii,Licitație publică,14-Mar-2022,28-Mar-2027,1750.73,2945.28
30,SUCURSALA PENTRU ADMINISTRAREA ȘI ÎNTREȚINEREA FONDULUI IMOBILIAR,,MINISTERUL TRANSPORTURILOR ŞI INFRASTRUCTURII – INSPECTORATUL DE STAT PENTRU CONTROLUL ÎN TRANSPORTUL RUTIER – I.S.C.T.R. – INSPECTORATUL TERITORIAL BUCUREŞTI ILFOV,P-TA PRESEI LIBERE NR.1,294.77,,Închiriere și prestări servicii,Atribuire directă,19-May-2026,31-Dec-2026,13941.73,
31,SUCURSALA PENTRU ADMINISTRAREA ȘI ÎNTREȚINEREA FONDULUI IMOBILIAR,,PRESS MEDIA ELECTRONIC,P-TA PRESEI LIBERE NR.1,26.46,,Închiriere și prestări servicii,Licitație publică,13-Jan-2022,31-Jan-2027,829.32,111.48
32,SUCURSALA PENTRU ADMINISTRAREA ȘI ÎNTREȚINEREA FONDULUI IMOBILIAR,,SECRETARIATUL DE STAT PENTRU RECUNOASTEREA MERITELOR LUPTATORILOR IMPOTRIVA REGIMULUI COMUNIST INSTAURAT IN ROMANIA IN PERIOADA 1945- 1989,P-TA PRESEI LIBERE NR.1,819.74,,Închiriere și prestări servicii,Atribuire directă,29-Mar-2023,31-Dec-2026,29945.63,
33,SUCURSALA PENTRU ADMINISTRAREA ȘI ÎNTREȚINEREA FONDULUI IMOBILIAR,,CURTEA DE CONTURI A ROMANIEI,P-TA PRESEI LIBERE NR.1,2439.99,,Închiriere și prestări servicii,Atribuire directă,22-Dec-2017,31-Dec-2026,110988.45,
34,SUCURSALA PENTRU ADMINISTRAREA ȘI ÎNTREȚINEREA FONDULUI IMOBILIAR,,"ASOCIATIA „EXPERTI CONTABILI, AUDITORILOR SI A CONSULTANTILOR FISCALI”",P-TA PRESEI LIBERE NR.1,69.47,,Închiriere și prestări servicii,Licitație publică/Folosinta spatiu fara titlu,20-Mar-2025,31 Mar 2026 Litigiu,2156.48,227.42
35,SUCURSALA PENTRU ADMINISTRAREA ȘI ÎNTREȚINEREA FONDULUI IMOBILIAR,,S.C PRESS BOOK CONSULTING.R.L,P-TA PRESEI LIBERE NR.1,42.83,,Închiriere și prestări servicii,Licitație publică/Folosinta spatiu fara titlu,10-Jun-2021,9 Iun 2026 In procedura de scoatere la licitatie,315.70,182.73
36,SUCURSALA PENTRU ADMINISTRAREA ȘI ÎNTREȚINEREA FONDULUI IMOBILIAR,,S.C. EDIT INTERNATIONAL S.R.L.,P-TA PRESEI LIBERE NR.1,21.21,,Închiriere și prestări servicii,Licitație publică,17-mar.-22,17-Mar-2027,743.82,60.34
37,SUCURSALA PENTRU ADMINISTRAREA ȘI ÎNTREȚINEREA FONDULUI IMOBILIAR,,S.C. TANDEM CONSULTANTA MEDIA S.R.L.,P-TA PRESEI LIBERE NR.1,29.02,,Închiriere și prestări servicii,Licitație publică,14-Mar-2022,13-Mar-2027,1125.05,95.66
38,SUCURSALA PENTRU ADMINISTRAREA ȘI ÎNTREȚINEREA FONDULUI IMOBILIAR,,S.C. MAXJOY EUROTRADE CONCEPT S.R.L.,P-TA PRESEI LIBERE NR.1,5.00,,Închiriere și prestări servicii,Licitație publică,10-Jun-2021,30-Jun-2026,8.85,35.00
39,SUCURSALA PENTRU ADMINISTRAREA ȘI ÎNTREȚINEREA FONDULUI IMOBILIAR,,S.C. CHROMINANCE S.R.L,P-TA PRESEI LIBERE NR.1,53.59,,Închiriere și prestări servicii,Licitație publică,14-Nov-2023,13-Nov-2028,982.60,311.08
40,SUCURSALA PENTRU ADMINISTRAREA ȘI ÎNTREȚINEREA FONDULUI IMOBILIAR,,SC MEDIA SAT,P-TA PRESEI LIBERE NR.1,38.03,,Închiriere și prestări servicii,Licitație publică,22-Feb-2022,3-Mar-2027,1482.80,120.05
41,SUCURSALA PENTRU ADMINISTRAREA ȘI ÎNTREȚINEREA FONDULUI IMOBILIAR,,"AUTORITATEA NATIONALA DE REGLEMENTARE IN DOMENIUL MINIER, PETROLIER SI AL STOCARII GEOLOGICE A DIOXIDULUI DE CARBON",P-TA PRESEI LIBERE NR.1,291.53,,Închiriere și prestări servicii,Atribuire directă,19-Jan-2023,31-Dec-2026,7512.26,
42,SUCURSALA PENTRU ADMINISTRAREA ȘI ÎNTREȚINEREA FONDULUI IMOBILIAR,,AUTORITATEA NATIONALA PENTRU CETATENIE,P-TA PRESEI LIBERE NR.1,1393.38,,Închiriere și prestări servicii,Atribuire directă,19-Jan-2023,31-Dec-2026,43936.01,
43,SUCURSALA PENTRU ADMINISTRAREA ȘI ÎNTREȚINEREA FONDULUI IMOBILIAR,,S.C. LUNA MEDIA ADVERTISING S.R.L.,P-TA PRESEI LIBERE NR.1,58.01,,Închiriere și prestări servicii,Licitație publică,19-Oct-2023,31-Oct-2028,1341.64,357.70
44,SUCURSALA PENTRU ADMINISTRAREA ȘI ÎNTREȚINEREA FONDULUI IMOBILIAR,,MINISTERUL MUNCII SI JUSTITIEI SOCIALE - INSPECTIA MUNCII - INSPECTORATUL TERITORIAL DE MUNCA AL MUNICIPIULUI BUCURESTI,P-TA PRESEI LIBERE NR.1,1612.07,,Închiriere și prestări servicii,Atribuire directă,15-Sep-2025,31-Aug-2026,41564.12,
45,SUCURSALA PENTRU ADMINISTRAREA ȘI ÎNTREȚINEREA FONDULUI IMOBILIAR,,S.C. ROMAGREGATE MULTI MIX CASA DE EXPEDIȚII S.R.L.,P-TA PRESEI LIBERE NR.1,70.24,,Închiriere și prestări servicii,Licitație publică,28-Apr-2023,30-Apr-2028,1642.02,258.68
46,SUCURSALA PENTRU ADMINISTRAREA ȘI ÎNTREȚINEREA FONDULUI IMOBILIAR,,S.C. GRAFIC X-PRESS S.R.L.,P-TA PRESEI LIBERE NR.1,108.26,,Închiriere și prestări servicii,Licitație publică,4-Mar-2022,3-Mar-2027,1415.15,516.24
47,SUCURSALA PENTRU ADMINISTRAREA ȘI ÎNTREȚINEREA FONDULUI IMOBILIAR,,S.C. CAMERA 1 S.R.L.,P-TA PRESEI LIBERE NR.1,24.81,,Închiriere și prestări servicii,Licitație publică,7-Apr-2022,6-Apr-2027,840.25,73.16
48,SUCURSALA PENTRU ADMINISTRAREA ȘI ÎNTREȚINEREA FONDULUI IMOBILIAR,,AGENTIA NATIONALA DE ADMINISTRARE FISCALA - DIRECTIA GENERALA A FINANTELOR PUBLICE - BUCURESTI,P-TA PRESEI LIBERE NR.1,811.98,,Închiriere și prestări servicii,Atribuire directă,20-May-2022,30-Apr-2027,37658.14,
49,SUCURSALA PENTRU ADMINISTRAREA ȘI ÎNTREȚINEREA FONDULUI IMOBILIAR,,S.C. THOR AUTOTEHNIC S.R.L,P-TA PRESEI LIBERE NR.1,131.89,,Închiriere și prestări servicii,Licitație publică,16-May-2022,18-May-2027,1498.49,786.18
50,SUCURSALA PENTRU ADMINISTRAREA ȘI ÎNTREȚINEREA FONDULUI IMOBILIAR,,S.C. RAIMAN BUSSINESS GROUP S.R.L.,P-TA PRESEI LIBERE NR.1,36.67,,Închiriere și prestări servicii,Licitație publică,10-Feb-2022,24-Feb-2027,247.65,146.39
51,SUCURSALA PENTRU ADMINISTRAREA ȘI ÎNTREȚINEREA FONDULUI IMOBILIAR,,S.C. BOFASA CONCEPT S.R.L.,P-TA PRESEI LIBERE NR.1,21.25,,Închiriere și prestări servicii,Licitație publică/Folosinta spatiu fara titlu,19-Mar-2021,18 Mar 2026 In procedura de scoatere la licitatie,424.73,223.56
52,SUCURSALA PENTRU ADMINISTRAREA ȘI ÎNTREȚINEREA FONDULUI IMOBILIAR,,S.C. EXPERT BUSINESS CONSTRUCT S.R.L.,P-TA PRESEI LIBERE NR.1,12.00,,Închiriere și prestări servicii,Licitație publică,19-Mar-2021,13 Mai 2026 In procedura de scoatere la licitatie,21.24,240.00
53,SUCURSALA PENTRU ADMINISTRAREA ȘI ÎNTREȚINEREA FONDULUI IMOBILIAR,,S.C. EXPERT BUSINESS CONSTRUCT S.R.L.,P-TA PRESEI LIBERE NR.1,26.71,,Închiriere și prestări servicii,Licitație publică,12-May-2022,11-May-2027,1025.69,117.00
54,SUCURSALA PENTRU ADMINISTRAREA ȘI ÎNTREȚINEREA FONDULUI IMOBILIAR,,S.C. EXPERT BUSINESS CONSTRUCT S.R.L.,P-TA PRESEI LIBERE NR.1,9.00,,Închiriere și prestări servicii,Licitație publică,19-Mar-2021,13 Mai 2026 In procedura de scoatere la licitatie,15.93,180.00
55,SUCURSALA PENTRU ADMINISTRAREA ȘI ÎNTREȚINEREA FONDULUI IMOBILIAR,,SC BLUE ENGINEERING SRL,P-TA PRESEI LIBERE NR.1,38.03,,Închiriere și prestări servicii,Licitație publică,11-Oct-2021,31-Oct-2026,897.10,140.05
56,SUCURSALA PENTRU ADMINISTRAREA ȘI ÎNTREȚINEREA FONDULUI IMOBILIAR,,S.C. CROSS MEDIA PUBLISHING S.R.L.,P-TA PRESEI LIBERE NR.1,96.85,,Închiriere și prestări servicii,Licitație publică,14-Mar-2022,13-Mar-2027,1152.76,326.45
57,SUCURSALA PENTRU ADMINISTRAREA ȘI ÎNTREȚINEREA FONDULUI IMOBILIAR,,S.C. NGH MEDIA MANAGEMENT S.R.L.,P-TA PRESEI LIBERE NR.1,190.73,,Închiriere și prestări servicii,Licitație publică,14-Mar-2022,13-Mar-2027,1804.03,642.91
58,SUCURSALA PENTRU ADMINISTRAREA ȘI ÎNTREȚINEREA FONDULUI IMOBILIAR,,AGENTIA NATIONALA DE ADMINISTRARE FISCALA,P-TA PRESEI LIBERE NR.1,98.50,,Închiriere și prestări servicii,Atribuire directă,10-May-2022,31-Aug-2026,6370.18,
59,SUCURSALA PENTRU ADMINISTRAREA ȘI ÎNTREȚINEREA FONDULUI IMOBILIAR,,S.C. TRANSILVANIA AUDIT&FISCALITY S.R.L.,P-TA PRESEI LIBERE NR.1,40.00,,Închiriere și prestări servicii,Licitație publică,19-Apr-2022,18-Apr-2027,644.77,117.98
60,SUCURSALA PENTRU ADMINISTRAREA ȘI ÎNTREȚINEREA FONDULUI IMOBILIAR,,S.C. HALLMARKS ESTATE DEVELOPERS S.R.L.,P-TA PRESEI LIBERE NR.1,387.45,,Închiriere și prestări servicii,Licitație publică,19-Apr-2022,18-Apr-2027,11930.90,1142.78
61,SUCURSALA PENTRU ADMINISTRAREA ȘI ÎNTREȚINEREA FONDULUI IMOBILIAR,,S.C. ANDREM STRATEGY S.R.L.,P-TA PRESEI LIBERE NR.1,15.28,,Închiriere și prestări servicii,Licitație publică,15-Mar-2022,31-Mar-2027,469.29,54.24
62,SUCURSALA PENTRU ADMINISTRAREA ȘI ÎNTREȚINEREA FONDULUI IMOBILIAR,,S.C. ZN PR & EVENTS S.R.L.,P-TA PRESEI LIBERE NR.1,40.87,,Închiriere și prestări servicii,Licitație publică,19-Jan-2022,16-Feb-2027,896.83,143.34
63,SUCURSALA PENTRU ADMINISTRAREA ȘI ÎNTREȚINEREA FONDULUI IMOBILIAR,,S.C. SERV HR INTEGRAL S.R.L.,P-TA PRESEI LIBERE NR.1,63.64,,Închiriere și prestări servicii,Licitație publică,17-Dec-2021,31-Jan-2027,2231.46,259.00
64,SUCURSALA PENTRU ADMINISTRAREA ȘI ÎNTREȚINEREA FONDULUI IMOBILIAR,,S.C. SERV HR INTEGRAL S.R.L.,P-TA PRESEI LIBERE NR.1,14.89,,Închiriere și prestări servicii,Licitație publică,27-Feb-2026,26-Feb-2027,299.18,90.28
65,SUCURSALA PENTRU ADMINISTRAREA ȘI ÎNTREȚINEREA FONDULUI IMOBILIAR,,Press Media Electronic,P-TA PRESEI LIBERE NR.1,407.96,,Închiriere și prestări servicii,Licitație publică,5-Sep-2023,4-Sep-2028,12871.86,2645.66
66,SUCURSALA PENTRU ADMINISTRAREA ȘI ÎNTREȚINEREA FONDULUI IMOBILIAR,,S.C. SYMBOL BUSINESS SOLUTIONS S.R.L.,P-TA PRESEI LIBERE NR.1,30.76,,Închiriere și prestări servicii,Licitație publică,14-Dec-2022,2-Jan-2027,88.01,220.03
67,SUCURSALA PENTRU ADMINISTRAREA ȘI ÎNTREȚINEREA FONDULUI IMOBILIAR,,AGENTIA NATIONALA PENTRU DEZVOLTAREA INFRASTRUCTURII IN SANATATE - ANDIS,P-TA PRESEI LIBERE NR.1,1662.96,,Închiriere și prestări servicii,Atribuire directă,13-Feb-2023,31-Dec-2026,54461.00,
68,SUCURSALA PENTRU ADMINISTRAREA ȘI ÎNTREȚINEREA FONDULUI IMOBILIAR,,S.C. RTV HD S.R.L.,P-TA PRESEI LIBERE NR.1,38.03,,Închiriere și prestări servicii,Licitație publică,4-Apr-2024,3-Apr-2029,892.96,147.83
69,SUCURSALA PENTRU ADMINISTRAREA ȘI ÎNTREȚINEREA FONDULUI IMOBILIAR,,S.C. EXQUISITE PRODUCTION S.R.L.,P-TA PRESEI LIBERE NR.1,29.90,,Închiriere și prestări servicii,Licitație publică,20-Jun-2024,19-Jun-2029,607.46,157.18
70,SUCURSALA PENTRU ADMINISTRAREA ȘI ÎNTREȚINEREA FONDULUI IMOBILIAR,,AGENTIA NATIONALA DE ADMINISTRARE FISCALA,P-TA PRESEI LIBERE NR.1,8879.85,,Închiriere și prestări servicii,Atribuire directă,8-Dec-2021,31-Aug-2026,410794.79,
71,SUCURSALA PENTRU ADMINISTRAREA ȘI ÎNTREȚINEREA FONDULUI IMOBILIAR,,S.C. CU DRAG ENTERTAINMENT S.R.L.,P-TA PRESEI LIBERE NR.1,41.85,,Închiriere și prestări servicii,Licitație publică,24-Jul-2024,23-Jul-2029,65.70,192.51
72,SUCURSALA PENTRU ADMINISTRAREA ȘI ÎNTREȚINEREA FONDULUI IMOBILIAR,,S.C. BEST COFFEE CUP S.R.L.,P-TA PRESEI LIBERE NR.1,12.50,,Închiriere și prestări servicii,Licitație publică,17-Jul-2024,16-Jul-2029,22.13,250.00
73,SUCURSALA PENTRU ADMINISTRAREA ȘI ÎNTREȚINEREA FONDULUI IMOBILIAR,,AGENTIA NATIONALA DE ADMINSTRARE FISCALA,P-TA PRESEI LIBERE NR.1,318.23,,Închiriere și prestări servicii,Atribuire directă,13-Jun-2024,31-Aug-2026,27292.54,
74,SUCURSALA PENTRU ADMINISTRAREA ȘI ÎNTREȚINEREA FONDULUI IMOBILIAR,,S.C. ROSARIO S.R.L.,P-TA PRESEI LIBERE NR.1,41.85,,Închiriere și prestări servicii,Licitație publică,19-Sep-2024,18-Sep-2029,65.70,154.01
75,SUCURSALA PENTRU ADMINISTRAREA ȘI ÎNTREȚINEREA FONDULUI IMOBILIAR,,S.C. ANTHERME MANAGEMENT S.R.L.,P-TA PRESEI LIBERE NR.1,1271.87,,Închiriere,Licitație publică,2-Sep-2024,1-Sep-2029,,30855.57
76,SUCURSALA PENTRU ADMINISTRAREA ȘI ÎNTREȚINEREA FONDULUI IMOBILIAR,,S.C. ANTHERME MANAGEMENT S.R.L.,P-TA PRESEI LIBERE NR.1,66.26,,Închiriere,Licitație publică/Folosinta spatiu fara titlu,6-Feb-2025,05.02.2026 Litigiu,,443.94
77,SUCURSALA PENTRU ADMINISTRAREA ȘI ÎNTREȚINEREA FONDULUI IMOBILIAR,,S.C. ARES GROUP SRL,P-TA PRESEI LIBERE NR.1,29.02,,Închiriere și prestări servicii,Licitație publică,18-Oct-2024,17-Oct-2029,449.97,94.87
78,SUCURSALA PENTRU ADMINISTRAREA ȘI ÎNTREȚINEREA FONDULUI IMOBILIAR,,S.C. SYMBOL BUSINESS SOLUTIONS S.R.L.,P-TA PRESEI LIBERE NR.1,41.18,,Închiriere și prestări servicii,Licitație publică,20-Nov-2024,19-Nov-2026,72.89,132.60
79,SUCURSALA PENTRU ADMINISTRAREA ȘI ÎNTREȚINEREA FONDULUI IMOBILIAR,,S.C.EXPERTISIMO CONT SERVICES S.R.L.,P-TA PRESEI LIBERE NR.1,135.68,,Închiriere și prestări servicii,Licitație publică,26-Nov-2024,1-Dec-2026,4410.29,555.17
80,SUCURSALA PENTRU ADMINISTRAREA ȘI ÎNTREȚINEREA FONDULUI IMOBILIAR,,S.C. ANDREM STRATEGY SRL,P-TA PRESEI LIBERE NR.1,197.89,,Închiriere și prestări servicii,Licitație publică,11-Dec-2024,10-Dec-2026,3814.38,877.80
81,SUCURSALA PENTRU ADMINISTRAREA ȘI ÎNTREȚINEREA FONDULUI IMOBILIAR,,S.C. CREATIF ING CONSTRUCT S.R.L.,P-TA PRESEI LIBERE NR.1,34.66,,Închiriere și prestări servicii,Licitație publică,30-Apr-2026,23-Dec-2026,465.41,99.27
82,SUCURSALA PENTRU ADMINISTRAREA ȘI ÎNTREȚINEREA FONDULUI IMOBILIAR,,S.C. MARBLE HALL EVENTS S.R.L.,P-TA PRESEI LIBERE NR.1,990.00,,Închiriere și prestări servicii,Licitație publică,9-Apr-2026,15-Jan-2027,,7623.00
83,SUCURSALA PENTRU ADMINISTRAREA ȘI ÎNTREȚINEREA FONDULUI IMOBILIAR,,S.C. GRAMPET LOGISTIC S.R.L.,P-TA PRESEI LIBERE NR.1,35.12,,Închiriere și prestări servicii,Licitație publică,5-Feb-2025,31-Jul-2026,1089.72,143.71
84,SUCURSALA PENTRU ADMINISTRAREA ȘI ÎNTREȚINEREA FONDULUI IMOBILIAR,,BOOKU IMP S.R.L.,P-TA PRESEI LIBERE NR.1,1400.00,,Închiriere,Licitație publică,2-Dec-2025,2-Dec-2026,,9100.00
85,SUCURSALA PENTRU ADMINISTRAREA ȘI ÎNTREȚINEREA FONDULUI IMOBILIAR,,S.C. PREDETEANU & PARTNERS S.R.L,P-TA PRESEI LIBERE NR.1,93.87,,Închiriere și prestări servicii,Licitație publică,15-Jan-2026,14-Jan-2027,1722.07,692.16
86,SUCURSALA PENTRU ADMINISTRAREA ȘI ÎNTREȚINEREA FONDULUI IMOBILIAR,,MATIO MIX S.R.L.,P-TA PRESEI LIBERE NR.1,20.47,,Închiriere și prestări servicii,Licitație publică,26-Feb-2026,2-Mar-2027,386.02,137.60
87,SUCURSALA PENTRU ADMINISTRAREA ȘI ÎNTREȚINEREA FONDULUI IMOBILIAR,,VID HOLDING SOLUTION SRL,P-TA PRESEI LIBERE NR.2,41.85,,Închiriere și prestări servicii,Licitație publică,25-Sep-2025,24-Sep-2026,74.01,292.95
88,SUCURSALA PENTRU ADMINISTRAREA ȘI ÎNTREȚINEREA FONDULUI IMOBILIAR,,ARS MONITOR S.R.L.,P-TA PRESEI LIBERE NR.1,1.00,,Închiriere și prestări servicii,Licitație publică,12-Mar-2026,11-Mar-2027,1.77,36.45
89,SUCURSALA PENTRU ADMINISTRAREA ȘI ÎNTREȚINEREA FONDULUI IMOBILIAR,,S.C.MIDIA INTERNATIONAL S.A.,P-TA PRESEI LIBERE NR.1,80.00,,Închiriere și prestări servicii,Licitație publică,24-Feb-2026,23-Feb-2027,2466.93,426.97
90,SUCURSALA PENTRU ADMINISTRAREA ȘI ÎNTREȚINEREA FONDULUI IMOBILIAR,,PIB GLOBAL CONSULTING S.R.L.,P-TA PRESEI LIBERE NR.1,33.38,,Închiriere și prestări servicii,Licitație publică,28-Apr-2026,27-Apr-2027,616.24,234.69
91,SUCURSALA PENTRU ADMINISTRAREA ȘI ÎNTREȚINEREA FONDULUI IMOBILIAR,,MAIDAN THEATRE COMPANY S.R.L.,P-TA PRESEI LIBERE NR.1,64.01,,Închiriere și prestări servicii,Licitație publică,29-May-2026,28-May-2027,2231.46,204.82
92,SUCURSALA PENTRU ADMINISTRAREA ȘI ÎNTREȚINEREA FONDULUI IMOBILIAR,,SOCIETATEA PENTRU SERVICII DE MENTENANTA A RETELEI ELECTRICE DE TRANSPORT ‘SMART ‘ – SA – FILIALA A CNTEE TRANSELECTRICA SA,P-TA PRESEI LIBERE NR.1,394.60,,Închiriere,Licitație publică,8-Jan-2026,8-Jan-2027,2893.19,3005.14
93,SUCURSALA PENTRU ADMINISTRAREA ȘI ÎNTREȚINEREA FONDULUI IMOBILIAR,,PARTIDUL NATIONAL LIBERAL,ALEEA MODROGAN NR. 1 - Teren aferent constructiilor vandute,,20138.00,Închiriere,Atribuire directă,10-Feb-2021,9 Feb 2026 In procedura de incheiere contract de concesiune,,1006.90
94,SUCURSALA PENTRU ADMINISTRAREA ȘI ÎNTREȚINEREA FONDULUI IMOBILIAR,,PARTIDUL NATIONAL LIBERAL- ORGANIZATIA BUCURESTI,ALEEA MODROGAN NR. 22 - Teren aferent constructiilor vandute,,561.56,Închiriere,Atribuire directă,9-Jul-2019,8-Jul-2026,,28.08
95,SUCURSALA PENTRU ADMINISTRAREA ȘI ÎNTREȚINEREA FONDULUI IMOBILIAR,,PARTIDUL NATIONAL LIBERAL - FILIALA ILFOV,ALEEA MODROGAN NR. 3 - Teren aferent constructiilor vandute,,531.00,Închiriere,Atribuire directă,10-Feb-2021,9 Feb 2026 In procedura de incheiere contract de concesiune,,26.55
96,SUCURSALA PENTRU ADMINISTRAREA ȘI ÎNTREȚINEREA FONDULUI IMOBILIAR,,CABINET AVOCAT BERCEA RAMONA- MADALINA,BD. NICOLAE BALCESCU 17- 19,59.42,,Închiriere și prestări servicii,Licitație publică,13-Jan-2022,12-Jan-2027,1548.16,412.70
97,SUCURSALA PENTRU ADMINISTRAREA ȘI ÎNTREȚINEREA FONDULUI IMOBILIAR,,MINISTERUL SANATATII,BD. NICOLAE BALCESCU 17- 19,567.19,,Închiriere și prestări servicii,Atribuire directă,20-Jun-2022,20-Jun-2027,79509.83,
98,SUCURSALA PENTRU ADMINISTRAREA ȘI ÎNTREȚINEREA FONDULUI IMOBILIAR,,INSTITUTUL EUROPEAN DIN ROMANIA,B-DUL REGINA ELISABETA 7-9,1156.61,,Închiriere și prestări servicii,Atribuire directă,1-Jul-2021,28-Apr-2027,48298.48,
99,SUCURSALA PENTRU ADMINISTRAREA ȘI ÎNTREȚINEREA FONDULUI IMOBILIAR,,WORK AND TRAVEL CLUB SRL,B-DUL REGINA ELISABETA 7-9,28.64,,Închiriere și prestări servicii,Licitație publică,20-Apr-2023,19-Apr-2028,1283.47,183.06
100,SUCURSALA PENTRU ADMINISTRAREA ȘI ÎNTREȚINEREA FONDULUI IMOBILIAR,,SC GRANAT EVO SRL,B-DUL REGINA ELISABETA 7-9,22.42,,Închiriere și prestări servicii,Licitație publică,21-Mar-2022,20-Mar-2027,783.49,120.64
101,SUCURSALA PENTRU ADMINISTRAREA ȘI ÎNTREȚINEREA FONDULUI IMOBILIAR,,WORK AND TRAVEL CLUB SRL,B-DUL REGINA ELISABETA 7-9,33.06,,Închiriere,Licitație publică,5-Aug-2021,30-Sep-2026,1017.84,256.16
102,SUCURSALA PENTRU ADMINISTRAREA ȘI ÎNTREȚINEREA FONDULUI IMOBILIAR,,SC THE PUB CENTRAL SRL,B-DUL REGINA ELISABETA 7-9,7.46,,Închiriere și prestări servicii,Licitație publică,8-Dec-2022,3-Jan-2028,214.76,502.00
103,SUCURSALA PENTRU ADMINISTRAREA ȘI ÎNTREȚINEREA FONDULUI IMOBILIAR,,CABINET DE AVOCAT BIRNEA LUMINITA-FLORICA,B-DUL REGINA ELISABETA 7-9,31.24,,Închiriere și prestări servicii,Licitație publică,1-Aug-2024,4-Aug-2029,758.16,247.19
104,SUCURSALA PENTRU ADMINISTRAREA ȘI ÎNTREȚINEREA FONDULUI IMOBILIAR,,PARTIDUL SOCIAL DEMOCRAT,SOS. KISELEFF 10 - Teren aferent constructiilor vandute,,5392.37,Închiriere,Atribuire directă,17-Jan-2014,Pe toata perioada constructiei,,269.62
105,SUCURSALA PENTRU ADMINISTRAREA ȘI ÎNTREȚINEREA FONDULUI IMOBILIAR,,PARTIDUL UMANIST SOCIAL LIBERAL (PUSL),KISELEFF Nr.57,786.96,2782.00,Închiriere,Atribuire directă,19-Jun-2025,18-Jun-2026,,5854.98
106,SUCURSALA PENTRU ADMINISTRAREA ȘI ÎNTREȚINEREA FONDULUI IMOBILIAR,,AUTORITATEA ELECTORALA PERMANENTA,STR. EUGENIU CARADA 1,1872.28,,Închiriere și prestări servicii,Atribuire directă,10-Feb-2016,31-Dec-2026,118553.19,
107,SUCURSALA PENTRU ADMINISTRAREA ȘI ÎNTREȚINEREA FONDULUI IMOBILIAR,,SC AYLIN TOUR INVESTMENT SRL,STR. EUGENIU CARADA 1,29.89,,Închiriere și prestări servicii,Licitație publică,11-Mar-2021,21-Mar-2027,287.47,1327.12
108,SUCURSALA PENTRU ADMINISTRAREA ȘI ÎNTREȚINEREA FONDULUI IMOBILIAR,,ORANGE ROMANIA S.A.,STR. ION CAMPINEANU 20,20.00,,Închiriere și prestări servicii,Licitație publică,14-Mar-2022,13-Mar-2027,368.92,480.00
109,SUCURSALA PENTRU ADMINISTRAREA ȘI ÎNTREȚINEREA FONDULUI IMOBILIAR,,S.C. B1 TV CHANNEL S.R.L.,STR. ION CAMPINEANU 20,230.27,,Închiriere și prestări servicii,Licitație publică,29-Jun-2021,28-Jul-2026,1889.41,4144.86
110,SUCURSALA PENTRU ADMINISTRAREA ȘI ÎNTREȚINEREA FONDULUI IMOBILIAR,,AGENTIA PENTRU PLATI SI INSPECTIE SOCIALA A MUNICIPIULUI BUCURESTI,STR. ION CAMPINEANU 20,1784.46,,Închiriere și prestări servicii,Atribuire directă,19-Feb-2024,31-Dec-2026,93061.80,
111,SUCURSALA PENTRU ADMINISTRAREA ȘI ÎNTREȚINEREA FONDULUI IMOBILIAR,,AGENTIA IMPOTRIVA TRAFICULUI DE PERSOANE,STR. ION CAMPINEANU 20,901.65,,Închiriere și prestări servicii,Atribuire directă,14-Jul-2021,14-Jul-2031,45663.55,
112,SUCURSALA PENTRU ADMINISTRAREA ȘI ÎNTREȚINEREA FONDULUI IMOBILIAR,,ASOCIATIA NECUVINTE,STR. ION CAMPINEANU 20,76.07,,Închiriere și prestări servicii,Licitație publică,9-Jun-2022,8-Jun-2027,1754.58,406.97
113,SUCURSALA PENTRU ADMINISTRAREA ȘI ÎNTREȚINEREA FONDULUI IMOBILIAR,,CABINET INDIVIDUAL DE AVOCAT RAMONA MARIA HROMEI/INSOLVENTA,STR. ION CAMPINEANU 20,35.11,,Închiriere și prestări servicii,Licitație publică,31-Jan-2022,16-Mar-2027,1053.45,190.44
114,SUCURSALA PENTRU ADMINISTRAREA ȘI ÎNTREȚINEREA FONDULUI IMOBILIAR,,S.C. B1 TV CHANNEL S.R.L.,STR. ION CAMPINEANU 20,257.73,,Închiriere și prestări servicii,Licitație publică,24-Oct-2025,23-Oct-2026,6145.78,2174.48
115,SUCURSALA PENTRU ADMINISTRAREA ȘI ÎNTREȚINEREA FONDULUI IMOBILIAR,,SC VETROPACK ROMANIA SRL,STR. ION CAMPINEANU 20,24.86,,Închiriere și prestări servicii,Licitație publică,10-Feb-2022,9-Feb-2027,1023.90,134.87
116,SUCURSALA PENTRU ADMINISTRAREA ȘI ÎNTREȚINEREA FONDULUI IMOBILIAR,,CONSILIUL LOCAL SECTOR 1,STR. ION CAMPINEANU 20,236.45,,Închiriere și prestări servicii,Atribuire directă,10-Dec-2021,15-Dec-2026,17278.68,
117,SUCURSALA PENTRU ADMINISTRAREA ȘI ÎNTREȚINEREA FONDULUI IMOBILIAR,,S.C. B1 TV CHANNEL S.R.L.,STR. ION CAMPINEANU 20,37.98,,Închiriere și prestări servicii,Licitație publică,31-Jan-2022,15-May-2027,1090.80,205.99
118,SUCURSALA PENTRU ADMINISTRAREA ȘI ÎNTREȚINEREA FONDULUI IMOBILIAR,,S.C. B1 TV CHANNEL S.R.L.,STR. ION CAMPINEANU 20,34.55,,Închiriere și prestări servicii,Licitație publică,11-May-2022,10-May-2027,992.36,145.77
119,SUCURSALA PENTRU ADMINISTRAREA ȘI ÎNTREȚINEREA FONDULUI IMOBILIAR,,S.C. B1 TV CHANNEL S.R.L.,STR. ION CAMPINEANU 20,136.33,,Închiriere și prestări servicii,Licitație publică,25-Jan-2024,6-May-2029,4055.70,934.57
120,SUCURSALA PENTRU ADMINISTRAREA ȘI ÎNTREȚINEREA FONDULUI IMOBILIAR,,ADMINISTRATIA NATIONALA A REZERVELOR DE STAT SI PROBLEME SPECIALE,STR. ION CAMPINEANU 20,117.64,,Închiriere și prestări servicii,Atribuire directă,5-Apr-2023,31-May-2027,8538.76,
121,SUCURSALA PENTRU ADMINISTRAREA ȘI ÎNTREȚINEREA FONDULUI IMOBILIAR,,S.C. B1 TV CHANNEL S.R.L.,STR. ION CAMPINEANU 20,84.10,,Închiriere și prestări servicii,Licitație publică,16-May-2024,6-Jul-2029,363.43,941.92
122,SUCURSALA PENTRU ADMINISTRAREA ȘI ÎNTREȚINEREA FONDULUI IMOBILIAR,,PARTIDUL SOCIAL DEMOCRAT ORGANIZATIA JUDETEANA ILFOV,STR. NEGUSTORI 3 - - Teren aferent constructiilor vandute,,928.00,Închiriere,Atribuire directă,25-Oct-2004,Pe toata perioada constructiei,,46.40
123,SUCURSALA PENTRU ADMINISTRAREA ȘI ÎNTREȚINEREA FONDULUI IMOBILIAR,,ASOCIATIA ORCHESTRA SIMFONICA BUCURESTI,STR. ATENA NR. 11,144.37,,Închiriere,Licitație publică,17-Oct-2025,21-Oct-2026,,1365.74
124,SUCURSALA PENTRU ADMINISTRAREA ȘI ÎNTREȚINEREA FONDULUI IMOBILIAR,,AGENŢIA ROMANA DE COOPERARE TEHNOLOGICA SI INDUSTRIALA PENTRU SECURITATE SI APARARE,STR. PICTOR ROMANO NR.19,521.90,,Închiriere și prestări servicii,Atribuire directă,18-May-2022,30-Oct-2026,58310.90,
125,SUCURSALA PENTRU ADMINISTRAREA ȘI ÎNTREȚINEREA FONDULUI IMOBILIAR,,UNIUNEA DEMOCRATA MAGHIARA DIN ROMANIA,Str. PETOFFI SANDOR 47,770.32,,Închiriere,Atribuire directă,16-Jun-2016,16-Nov-2026,,4329.19
126,SUCURSALA PENTRU ADMINISTRAREA ȘI ÎNTREȚINEREA FONDULUI IMOBILIAR,,INSTITUTIA PREFECTULUI JUDETULUI ILFOV,STR. SMARDAN NR. 3,266.88,,Închiriere și prestări servicii,Atribuire directă,8-Mar-2016,31-Dec-2026,33250.55,
127,SUCURSALA PENTRU ADMINISTRAREA ȘI ÎNTREȚINEREA FONDULUI IMOBILIAR,,AUTORITATEA NATIONALA PENTRU CETATENIE,STR. SMARDAN NR. 3,2024.99,,Închiriere și prestări servicii,Atribuire directă,12-Aug-2022,18-Jul-2027,58268.26,
128,SUCURSALA PENTRU ADMINISTRAREA ȘI ÎNTREȚINEREA FONDULUI IMOBILIAR,,CONSILIUL NAȚIONAL DE SOLUTIONARE A CONTESTATIILOR,STR. STAVROPOLEOS NR.6,3597.68,,Închiriere și prestări servicii,Atribuire directă,23-Mar-2022,28-Feb-2027,130185.92,
129,SUCURSALA PENTRU ADMINISTRAREA ȘI ÎNTREȚINEREA FONDULUI IMOBILIAR,,AUTORITATEA ELECTORALA PERMANENTA,STR. STAVROPOLEOS NR.6,3043.72,,Închiriere și prestări servicii,Atribuire directă,31-Mar-2022,31-Dec-2026,104705.50,
130,SUCURSALA PENTRU ADMINISTRAREA ȘI ÎNTREȚINEREA FONDULUI IMOBILIAR,,FONDUL ROMAN DE DEZVOLTARE SOCIALA,STR. STAVROPOLEOS NR.6,578.96,,Închiriere și prestări servicii,Atribuire directă,2-Jun-2022,31-Jul-2027,21082.64,3253.76
131,SUCURSALA PENTRU ADMINISTRAREA ȘI ÎNTREȚINEREA FONDULUI IMOBILIAR,,ASOCIATIA MACEDONENILOR DIN ROMANIA,STR. THOMAS MASARIK 29 - Teren aferent constructiilor vandute,,380.00,Concesiune,Atribuire directă,13-May-2021,Pe toata perioada constructiei,,763.05
132,SUCURSALA PENTRU ADMINISTRAREA ȘI ÎNTREȚINEREA FONDULUI IMOBILIAR,,DIRECTIA NATIONALA ANTICORUPTIE,STR. TRANSILVANIEI 2,2007.13,,Închiriere și prestări servicii,Atribuire directă,13-Dec-2023,28-Feb-2030,73580.99,
133,SUCURSALA PENTRU ADMINISTRAREA ȘI ÎNTREȚINEREA FONDULUI IMOBILIAR,,PARTIDUL PRO ROMANIA,Str. Gina Patrichi nr. 10,545.93,,Închiriere,Atribuire directă,20-Aug-2019,31-Dec-2027,,3882.75
134,SUCURSALA PENTRU ADMINISTRAREA ȘI ÎNTREȚINEREA FONDULUI IMOBILIAR,,AGENTIA NATIONALA PENTRU ROMI,SPL. INDEPENDENTEI 202A,1002.36,,Închiriere și prestări servicii,Atribuire directă,10-Dec-2018,30-Nov-2026,49913.42,
135,SUCURSALA PENTRU ADMINISTRAREA ȘI ÎNTREȚINEREA FONDULUI IMOBILIAR,,AGENTIA NAȚIONALĂ DE CADASTRU SI PUBLICITATE IMOBILIARA,SPL. INDEPENDENTEI 202A,6877.82,,Închiriere și prestări servicii,Atribuire directă,19-Dec-2018,31-Dec-2026,349175.92,
136,SUCURSALA PENTRU ADMINISTRAREA ȘI ÎNTREȚINEREA FONDULUI IMOBILIAR,,TELEKOM ROMANIA MOBILE COMMUNICATIONS S.A,SPL. INDEPENDENTEI 202A,35.00,,Închiriere și prestări servicii,Licitație publică,5-Jul-2023,4-Jul-2028,388.89,1008.00
137,SUCURSALA PENTRU ADMINISTRAREA ȘI ÎNTREȚINEREA FONDULUI IMOBILIAR,,S.C.VANTAGE TOWERS S.R.L.,SPL. INDEPENDENTEI 202A,94.50,,Închiriere și prestări servicii,Licitație publică,8-Oct-2021,7-Oct-2026,894.39,1653.75
138,SUCURSALA PENTRU ADMINISTRAREA ȘI ÎNTREȚINEREA FONDULUI IMOBILIAR,,AGENȚIA NATIONALA DE ADMINISTRARE FISCALA ANAF,SPL. INDEPENDENTEI 202A,780.98,,Închiriere și prestări servicii,Atribuire directă,2-Jun-2022,31-Aug-2026,38448.26,
139,SUCURSALA PENTRU ADMINISTRAREA ȘI ÎNTREȚINEREA FONDULUI IMOBILIAR,,DIGI ROMANIA S.A.,SPL. INDEPENDENTEI 202A,6.00,,Închiriere și prestări servicii,Licitație publică,19-Jul-2023,18-Aug-2028,96.04,192.00
140,SUCURSALA PENTRU ADMINISTRAREA ȘI ÎNTREȚINEREA FONDULUI IMOBILIAR,,DIGI ROMANIA S.A.,SPL. INDEPENDENTEI 202A,9.00,,Închiriere și prestări servicii,Licitație publică,22-Jan-2025,21-Jan-2027,98.41,414.00
141,SUCURSALA PENTRU ADMINISTRAREA ȘI ÎNTREȚINEREA FONDULUI IMOBILIAR,,CENTRUL NATIONAL DE CULTURA A ROMILOR - ROMANO KHER,SPL. INDEPENDENTEI 202A,670.13,,Închiriere și prestări servicii,Atribuire directă,3-Dec-2024,31-Dec-2027,33368.18,
142,SUCURSALA PENTRU ADMINISTRAREA ȘI ÎNTREȚINEREA FONDULUI IMOBILIAR,,SC ORANGE ROMANIA SA,SPL. INDEPENDENTEI 202A,2.50,,Închiriere și prestări servicii,Licitație publică,19-Jul-2023,18-Jul-2028,26.83,80.00
143,SUCURSALA PENTRU ADMINISTRAREA ȘI ÎNTREȚINEREA FONDULUI IMOBILIAR,,AUTORITATEA NATIONALA DE MANAGEMENT AL CALITATII IN SANATATE,SPL. INDEPENDENTEI 202A,2183.02,,Închiriere și prestări servicii,Atribuire directă,12-Dec-2024,31-Dec-2026,110621.08,
144,SUCURSALA PENTRU ADMINISTRAREA ȘI ÎNTREȚINEREA FONDULUI IMOBILIAR,,MINISTERUL FINANTELOR,SPL. INDEPENDENTEI 202A,221.22,,Închiriere și prestări servicii,Atribuire directă,7-Sep-2022,31-Oct-2026,10517.78,
145,SUCURSALA PENTRU ADMINISTRAREA ȘI ÎNTREȚINEREA FONDULUI IMOBILIAR,,S.C.IMPERIAL G.M.N.OPTIMAL.S.R.L.,SPL. INDEPENDENTEI 202A,16.67,,Închiriere și prestări servicii,Licitație publică,4-Jul-2024,3-Jul-2029,364.60,71.82
146,SUCURSALA PENTRU ADMINISTRAREA ȘI ÎNTREȚINEREA FONDULUI IMOBILIAR,,S.C.RONIN CAFFE S.R.L.,SPL. INDEPENDENTEI 202A,2.00,,Închiriere și prestări servicii,Licitație publică,15-Nov-2024,14-Nov-2026,26.40,100.00
147,SUCURSALA PENTRU ADMINISTRAREA ȘI ÎNTREȚINEREA FONDULUI IMOBILIAR,,AUTORITATEA PENTRU ADMINISTRAREA SISTEMULUI NATIONAL ANTIGRINDINA SI DE CRESTERE A PRECIPITATIILOR,B-DUL CAROL I 12,694.23,,Închiriere și prestări servicii,Atribuire directă,12-Oct-2015,30-Sep-2026,54783.99,
148,SUCURSALA PENTRU ADMINISTRAREA ȘI ÎNTREȚINEREA FONDULUI IMOBILIAR,,ASOCIATIA CLUBUL SPORTIV DAN DACIAN,B-DUL CAROL I 12,44.65,,Închiriere și prestări servicii,Licitație publică,13-Jan-2022,12-Jan-2027,1158.23,248.85
149,SUCURSALA PENTRU ADMINISTRAREA ȘI ÎNTREȚINEREA FONDULUI IMOBILIAR,,AGENTIA DE PLATI - INTERVENTIE PT.AGRICULTURA,B-DUL CAROL I 12,300.51,,Închiriere și prestări servicii,Atribuire directă,6-Aug-2015,27-Aug-2030,21496.44,
150,SUCURSALA PENTRU ADMINISTRAREA ȘI ÎNTREȚINEREA FONDULUI IMOBILIAR,,SC AVMARG GROUP SRL,B-DUL CAROL I 12,31.57,,Închiriere și prestări servicii,Licitație publică,28-Jun-2024,27-Jun-2029,1174.34,183.27
151,SUCURSALA PENTRU ADMINISTRAREA ȘI ÎNTREȚINEREA FONDULUI IMOBILIAR,,"MINISTERUL MUNCII,FAMILIEI,TINERETULUI SI SOLIDARITATII SOCIALE",BD. GH.MAGHERU 7,195.70,,Închiriere și prestări servicii,Atribuire directă,27-Mar-2020,31-Mar-2027,5483.67,
152,SUCURSALA PENTRU ADMINISTRAREA ȘI ÎNTREȚINEREA FONDULUI IMOBILIAR,,"MINISTERUL MUNCII,FAMILIEI,TINERETULUI SI SOLIDARITATII SOCIALE",BD. GH.MAGHERU 7,121.57,,Închiriere și prestări servicii,Atribuire directă,"19,12,2024",31-Mar-2027,3262.26,
153,SUCURSALA PENTRU ADMINISTRAREA ȘI ÎNTREȚINEREA FONDULUI IMOBILIAR,,ADÎR FLORIN PERSOANA FIZICA AUTORIZATA,BD. GH.MAGHERU 7,263.48,,Închiriere,Licitație publică,23-Nov-2022,1-Dec-2027,1088.17,1765.32
154,SUCURSALA PENTRU ADMINISTRAREA ȘI ÎNTREȚINEREA FONDULUI IMOBILIAR,,AGENTIA NATIONALA PENTRU PLATI SI INSPECTIE SOCIALA,BD. GH.MAGHERU 7,1874.46,,Închiriere și prestări servicii,Atribuire directă,13-Oct-2023,31-Dec-2026,70740.22,
155,SUCURSALA PENTRU ADMINISTRAREA ȘI ÎNTREȚINEREA FONDULUI IMOBILIAR,,AGENTIA JUDETEANA PENTRU PLATI SI INSPECTIE SOCIALA - ILFOV,"BD.GH.MAGHERU, NR.7",349.93,,Închiriere și prestări servicii,Atribuire directă,1-May-2025,31-Dec-2026,22752.85,
156,SUCURSALA PENTRU ADMINISTRAREA ȘI ÎNTREȚINEREA FONDULUI IMOBILIAR,,PARTIDUL SOCIAL DEMOCRAT - ORGANIZATIA PARTIDULUI SOCIAL DEMOCRAT SECTOR 1,"BD.GH.MAGHERU, NR.7",80.80,,Închiriere și prestări servicii,Atribuire directă,18-Sep-2024,1-Sep-2026,420.96,738.98
157,SUCURSALA PENTRU ADMINISTRAREA ȘI ÎNTREȚINEREA FONDULUI IMOBILIAR,,AUTORITATEA NATIONALA PENTRU DPROTECTIA DREPTURILOR COPILULUI SI ADOPTIE,"BD.GH.MAGHERU, NR.7",1223.66,,Închiriere și prestări servicii,Atribuire directă,26-Jun-2014,30-Jun-2028,54915.65,
158,SUCURSALA PENTRU ADMINISTRAREA ȘI ÎNTREȚINEREA FONDULUI IMOBILIAR,,MANOLE PETRE-FLORIN - CABINET PARLAMENTAR,"BD.GH.MAGHERU, NR.7",95.74,,Închiriere și prestări servicii,Atribuire directă,27-Oct-2025,26-Oct-2026,498.81,281.43
159,SUCURSALA PENTRU ADMINISTRAREA ȘI ÎNTREȚINEREA FONDULUI IMOBILIAR,,TUSA ADRIANA-DIANA - CABINET PARLAMENTAR,"BD.GH.MAGHERU, NR.7",33.51,,Închiriere și prestări servicii,Atribuire directă,27-Oct-2025,26-Oct-2026,174.59,193.69
160,SUCURSALA PENTRU ADMINISTRAREA ȘI ÎNTREȚINEREA FONDULUI IMOBILIAR,,STEREINU CERCEL ADRIAN- CABINET PARLAMENTAR,"BD.GH.MAGHERU, NR.7",49.59,,Închiriere și prestări servicii,Atribuire directă,03-nov-2025,02-nov2026,258.36,286.63
161,SUCURSALA PENTRU ADMINISTRAREA ȘI ÎNTREȚINEREA FONDULUI IMOBILIAR,,FURTUNA MIRELA- CABINET PARLAMENTAR,"BD.GH.MAGHERU, NR.7",32.48,,Închiriere și prestări servicii,Atribuire directă,04-nov-2025,03-nov2026,169.22,187.73
162,SUCURSALA PENTRU ADMINISTRAREA ȘI ÎNTREȚINEREA FONDULUI IMOBILIAR,,BIADES COM S.R.L.,STR.ION CAMPINEANU NR.3A,60.04,,Închiriere și prestări servicii,Licitație publică,8-Nov-2021,14-Nov-2026,505.63,1006.21
163,SUCURSALA PENTRU ADMINISTRAREA ȘI ÎNTREȚINEREA FONDULUI IMOBILIAR,,SC BRIALDO DISTRIBUTION FOOS SRL,STR.ION CAMPINEANU NR.3A,60.57,,Închiriere și prestări servicii,Licitație publică,7-Oct-2021,7-Oct-2026,941.95,951.51
164,SUCURSALA PENTRU ADMINISTRAREA ȘI ÎNTREȚINEREA FONDULUI IMOBILIAR,,SC BRIALDO DISTRIBUTION FOOS SRL,STR.ION CAMPINEANU NR.3A,40.01,,Închiriere și prestări servicii,Licitație publică,7-Oct-2021,7-Oct-2026,618.45,314.27
165,SUCURSALA PENTRU ADMINISTRAREA ȘI ÎNTREȚINEREA FONDULUI IMOBILIAR,,SC SB GALLERY SRL,STR.ION CAMPINEANU NR.3A,59.91,,Închiriere și prestări servicii,Licitație publică,13-Sep-2022,12-Sep-2027,563.51,784.53
166,SUCURSALA PENTRU ADMINISTRAREA ȘI ÎNTREȚINEREA FONDULUI IMOBILIAR,,SC SB GALLERY SRL,STR.ION CAMPINEANU NR.3A,52.19,,Închiriere și prestări servicii,Licitație publică,24-Nov-2022,23-Nov-2027,486.66,510.80
167,SUCURSALA PENTRU ADMINISTRAREA ȘI ÎNTREȚINEREA FONDULUI IMOBILIAR,,SC SB GALLERY SRL,STR.ION CAMPINEANU NR.3A,21.52,,Închiriere și prestări servicii,Licitație publică,10-Jul-2024,9-Jul-2029,204.18,466.90
168,SUCURSALA PENTRU ADMINISTRAREA ȘI ÎNTREȚINEREA FONDULUI IMOBILIAR,,SC SB GALLERY SRL,STR.ION CAMPINEANU NR.3A,60.00,,Închiriere,Licitație publică,15-Apr-2025,14-Apr-2027,,480.00
169,SUCURSALA PENTRU ADMINISTRAREA ȘI ÎNTREȚINEREA FONDULUI IMOBILIAR,,SC ZAPPA TRADING,STR.ION CAMPINEANU NR.3A,12.83,,Închiriere și prestări servicii,Licitație publică,10-Nov-2022,9-Nov-2027,119.83,57.60
170,SUCURSALA PENTRU ADMINISTRAREA ȘI ÎNTREȚINEREA FONDULUI IMOBILIAR,,SC SB GALLERY SRL,STR.ION CAMPINEANU NR.3A,11.08,,Închiriere și prestări servicii,Licitație publică,3-Apr-2026,2-Apr-2027,124.74,84.23
171,SUCURSALA PENTRU ADMINISTRAREA ȘI ÎNTREȚINEREA FONDULUI IMOBILIAR,,SC PETITS POINTS DESIGN SRL,STR.ION CAMPINEANU NR.3A,26.99,,Închiriere și prestări servicii,Licitație publică,24-Feb-2026,23-Feb-2027,255.11,551.19
172,SUCURSALA PENTRU ADMINISTRAREA ȘI ÎNTREȚINEREA FONDULUI IMOBILIAR,,SC BUSINESS HOTELS INVESTMENT SA,Bd. Expozitiei nr. 28-30,633.00,,Închiriere,Licitație publică,1-Nov-2023,31-Oct-2028,,6330.00
173,SUCURSALA PENTRU ADMINISTRAREA ȘI ÎNTREȚINEREA FONDULUI IMOBILIAR,,SC BUSINESS HOTELS INVESTMENT SA,Bd. Expozitiei nr. 28-30,231.00,,Închiriere,Licitație publică,24-Nov-2022,23-Nov-2027,,2541.00
174,SUCURSALA PENTRU ADMINISTRAREA ȘI ÎNTREȚINEREA FONDULUI IMOBILIAR,,SC BUSINESS HOTELS INVESTMENT SA,Bd. Expozitiei nr. 28-30,596.00,,Închiriere,Licitație publică,24-Nov-2022,23-Nov-2027,,7152.00
175,SUCURSALA PENTRU ADMINISTRAREA ȘI ÎNTREȚINEREA FONDULUI IMOBILIAR,,MINISTERUL FINANTELOR,"Str.Ion CAMPINEANU,NR.16",1473.50,,Închiriere și prestări servicii,Atribuire directă,16-May-2022,31-Dec-2026,95216.14,
176,SUCURSALA PENTRU ADMINISTRAREA ȘI ÎNTREȚINEREA FONDULUI IMOBILIAR,,CONSILIUL NAȚIONAL PENTRU COMBATEREA DISCRIMINARII,P-TA V.MARACINEANU 1-3,1255.87,,Închiriere și prestări servicii,Atribuire directă,16-Dec-2025,31-Jun-2026,60093.57,
177,SUCURSALA PENTRU ADMINISTRAREA ȘI ÎNTREȚINEREA FONDULUI IMOBILIAR,,FEDERAȚIA -PUBLISIND,P-TA V.MARACINEANU 1-3,108.15,,Închiriere și prestări servicii,Atribuire directă,25-Oct-2024,21-Jan-2027,3064.30,511.55
178,SUCURSALA PENTRU ADMINISTRAREA ȘI ÎNTREȚINEREA FONDULUI IMOBILIAR,,AUTORITATEA NATIONALA PENTRU CALIFICARI,P-TA V.MARACINEANU 1-3,1097.57,,Închiriere și prestări servicii,Atribuire directă,31-Jul-2020,31-Dec-2026,33621.80,
179,SUCURSALA PENTRU ADMINISTRAREA ȘI ÎNTREȚINEREA FONDULUI IMOBILIAR,,FUNDATIA ECOLOGICA GREEN,P-TA V.MARACINEANU 1-3,162.61,,Închiriere și prestări servicii,Licitație publică,24-Mar-2022,23-Mar-2027,6410.79,816.40
180,SUCURSALA PENTRU ADMINISTRAREA ȘI ÎNTREȚINEREA FONDULUI IMOBILIAR,,FEDERAȚIA SINDICATELOR DIN TRANSPORTURI TRANSLOC SI SERVICII PUBLICE ATU ROMANIA,P-TA V.MARACINEANU 1-3,103.89,,Închiriere și prestări servicii,Atribuire directă,14-Apr-2022,13-Apr-2027,1998.48,491.40
181,SUCURSALA PENTRU ADMINISTRAREA ȘI ÎNTREȚINEREA FONDULUI IMOBILIAR,,CONFEDERATIA SINDICATELOR DEMOCRATE DIN ROMANIA,P-TA V.MARACINEANU 1-3,379.54,,Închiriere și prestări servicii,Atribuire directă,13-Feb-2025,12-Feb-2030,9510.68,1795.22
182,SUCURSALA PENTRU ADMINISTRAREA ȘI ÎNTREȚINEREA FONDULUI IMOBILIAR,,CONFEDERATIA SINDICATELOR DEMOCRATE DIN ROMANIA,P-TA V.MARACINEANU 1-3,197.73,,Închiriere și prestări servicii,Atribuire directă,13-Feb-2025,12-Feb-2030,3252.20,935.26
183,SUCURSALA PENTRU ADMINISTRAREA ȘI ÎNTREȚINEREA FONDULUI IMOBILIAR,,A.N.A.F.-DIRECȚIA GENERALĂ A FINANȚELOR PUBLICE BUCUREȘTI,P-TA V.MARACINEANU 1-3,536.03,,Închiriere și prestări servicii,Atribuire directă,13-Apr-2022,21-Mar-2027,26417.73,
184,SUCURSALA PENTRU ADMINISTRAREA ȘI ÎNTREȚINEREA FONDULUI IMOBILIAR,,CONSILIUL NAȚIONAL AL INTREPRINDERILOR PRIVATE MICI SI MIJLOCII DIN ROMÂNIA,P-TA V.MARACINEANU 1-3,441.09,,Închiriere și prestări servicii,Licitație publică,26-Aug-2021,25-Aug-2026,5790.52,2384.83
185,SUCURSALA PENTRU ADMINISTRAREA ȘI ÎNTREȚINEREA FONDULUI IMOBILIAR,,ASOCIATIA PRIETENII SOCIAL DEMOCRATIEI ROMANE,P-TA V.MARACINEANU 1-3,28.87,,Închiriere și prestări servicii,Licitație publică,15-Mar-2022,14-Mar-2027,740.15,115.96
186,SUCURSALA PENTRU ADMINISTRAREA ȘI ÎNTREȚINEREA FONDULUI IMOBILIAR,,DIRECTIA NATIONALA ANTICORUPTIE,P-TA V.MARACINEANU 1-3,1895.16,,Închiriere și prestări servicii,Atribuire directă,13-Dec-2023,29-Oct-2030,79662.77,
187,SUCURSALA PENTRU ADMINISTRAREA ȘI ÎNTREȚINEREA FONDULUI IMOBILIAR,,ASOCIATIA COMERCIANTILOR DE FURAJE SI PUI DE O ZI,P-TA V.MARACINEANU 1-3,47.73,,Închiriere și prestări servicii,Licitație publică,13-Jan-2022,12-Jan-2027,1342.27,239.65
188,SUCURSALA PENTRU ADMINISTRAREA ȘI ÎNTREȚINEREA FONDULUI IMOBILIAR,,AUTORITATEA DE INVESTIGATII SI ANALIZA PTR. SIGURANTA AVIATIEI CIVILE,P-TA V.MARACINEANU 1-3,901.99,,Închiriere și prestări servicii,Atribuire directă,13-Aug-2024,30-Aug-2027,35608.38,4266.41
189,SUCURSALA PENTRU ADMINISTRAREA ȘI ÎNTREȚINEREA FONDULUI IMOBILIAR,,SC B.R.L. INTERMED SERVICES SRL,P-TA V.MARACINEANU 1-3,70.82,,Închiriere și prestări servicii,Licitație publică,20-Aug-2021,19-Aug-2026,1989.52,344.61
190,SUCURSALA PENTRU ADMINISTRAREA ȘI ÎNTREȚINEREA FONDULUI IMOBILIAR,,CABINET INDIVIDUAL DE PSIHOLOGIE NEAGOE ALINA,P-TA V.MARACINEANU 1-3,21.61,,Închiriere și prestări servicii,Licitație publică/Folosinta spatiu fara titlu,12-May-2021,11 Mai 2026 In procedura de scoatere la licitatie,551.52,93.46
191,SUCURSALA PENTRU ADMINISTRAREA ȘI ÎNTREȚINEREA FONDULUI IMOBILIAR,,DIGI ROMANIA S.A.,P-TA V.MARACINEANU 1-3,15.00,,Închiriere și prestări servicii,Licitație publică,10-Jun-2021,9-Jun-2026,233.42,459.00
192,SUCURSALA PENTRU ADMINISTRAREA ȘI ÎNTREȚINEREA FONDULUI IMOBILIAR,,AUTORITATEA NATIONALA PENTRU PROTECTIA DREPTURILOR COPILULUI SI ADOPTIE,P-TA V.MARACINEANU 1-3,108.39,,Închiriere și prestări servicii,Atribuire directă,2-Aug-2022,4-Jul-2027,4118.26,
193,SUCURSALA PENTRU ADMINISTRAREA ȘI ÎNTREȚINEREA FONDULUI IMOBILIAR,,SC INOTRANS SYSTEM SRL,P-TA V.MARACINEANU 1-3,86.57,,Închiriere și prestări servicii,Licitație publică,8-Dec-2021,21-Dec-2026,2219.42,379.15
194,SUCURSALA PENTRU ADMINISTRAREA ȘI ÎNTREȚINEREA FONDULUI IMOBILIAR,,UNIUNEA SARBILOR DIN ROMANIA,P-TA V.MARACINEANU 1-3,39.54,,Închiriere și prestări servicii,Licitație publică,9-Jun-2022,8-Jun-2027,1494.49,198.51
195,SUCURSALA PENTRU ADMINISTRAREA ȘI ÎNTREȚINEREA FONDULUI IMOBILIAR,,FUNDATIA ECOLOGICA GREEN - FILIALA BUCURESTI,P-TA V.MARACINEANU 1-3,232.22,,Închiriere și prestări servicii,Licitație publică,5-Aug-2022,4-Aug-2027,6582.08,816.09
196,SUCURSALA PENTRU ADMINISTRAREA ȘI ÎNTREȚINEREA FONDULUI IMOBILIAR,,SC QN NETWORK CONCEPT SRL,P-TA V.MARACINEANU 1-3,73.84,,Închiriere și prestări servicii,Licitație publică,22-Sep-2022,21-Sep-2027,2092.38,259.49
197,SUCURSALA PENTRU ADMINISTRAREA ȘI ÎNTREȚINEREA FONDULUI IMOBILIAR,,SC RONIN CAFFE SRL,P-TA V.MARACINEANU 1-3,2.00,,Închiriere și prestări servicii,Licitație publică,5-Dec-2022,4-Dec-2027,36.02,70.00
198,SUCURSALA PENTRU ADMINISTRAREA ȘI ÎNTREȚINEREA FONDULUI IMOBILIAR,,MINISTERUL EDUCATIEI,P-TA V.MARACINEANU 1-3,76.55,,Închiriere și prestări servicii,Atribuire directă,17-May-2024,11-Apr-2027,3667.61,
199,SUCURSALA PENTRU ADMINISTRAREA ȘI ÎNTREȚINEREA FONDULUI IMOBILIAR,,ASOCIATIA PENSIONARILOR BUCURESTI,P-TA V.MARACINEANU 1-3,25.55,,Închiriere și prestări servicii,Licitație publică,24-Nov-2021,7-Feb-2027,938.12,96.73
200,SUCURSALA PENTRU ADMINISTRAREA ȘI ÎNTREȚINEREA FONDULUI IMOBILIAR,,DRGC MANAGEMENT SRL,P-TA V.MARACINEANU 1-3,18.77,,Închiriere și prestări servicii,Licitație publică,5-Sep-2023,4-Sep-2028,720.53,166.75
201,SUCURSALA PENTRU ADMINISTRAREA ȘI ÎNTREȚINEREA FONDULUI IMOBILIAR,,SC ORANGE ROMANIA SA,P-TA V.MARACINEANU 1-3,15.00,,Închiriere și prestări servicii,Licitație publică,7-Nov-2023,29-Nov-2029,232.74,525.00
202,SUCURSALA PENTRU ADMINISTRAREA ȘI ÎNTREȚINEREA FONDULUI IMOBILIAR,,VANTAGE TOWERS SRL,P-TA V.MARACINEANU 1-3,35.00,,Închiriere și prestări servicii,Licitație publică,21-Feb-2024,25-Feb-2029,545.55,1260.00
203,SUCURSALA PENTRU ADMINISTRAREA ȘI ÎNTREȚINEREA FONDULUI IMOBILIAR,,SC VVV LOGISTICS AUTOMOBIL SRL,P-TA V.MARACINEANU 1-3,33.04,,Închiriere și prestări servicii,Licitație publică,1-Mar-2024,28-Mar-2029,926.82,187.57
204,SUCURSALA PENTRU ADMINISTRAREA ȘI ÎNTREȚINEREA FONDULUI IMOBILIAR,,COMPANIA MUNICIPALA ILUMINAT PUBLIC BUCURESTI,P-TA V.MARACINEANU 1-3,19.67,,Închiriere și prestări servicii,Licitație publică,4-May-2023,2-Jul-2028,851.72,227.85
205,SUCURSALA PENTRU ADMINISTRAREA ȘI ÎNTREȚINEREA FONDULUI IMOBILIAR,,CABINET DE AVOCAT RAZVAN TANASE,P-TA V.MARACINEANU 1-3,28.32,,Închiriere și prestări servicii,Licitație publică,28-Jun-2024,7-Jul-2029,870.86,160.82
206,SUCURSALA PENTRU ADMINISTRAREA ȘI ÎNTREȚINEREA FONDULUI IMOBILIAR,,ALL ONLINE TECH SRL,P-TA V.MARACINEANU 1-3,41.60,,Închiriere și prestări servicii,Licitație publică,17-Oct-2024,16-Oct-2029,1179.82,179.93
207,SUCURSALA PENTRU ADMINISTRAREA ȘI ÎNTREȚINEREA FONDULUI IMOBILIAR,,SC RONIN CAFFE SRL,P-TA V.MARACINEANU 1-3,1.00,,Închiriere și prestări servicii,Licitație publică,15 - Nov -2024,17-Nov-2026,30.93,50.00
208,SUCURSALA PENTRU ADMINISTRAREA ȘI ÎNTREȚINEREA FONDULUI IMOBILIAR,,SC IKIGAI MOON SRL,P-TA V.MARACINEANU 1-3,42.43,,Închiriere și prestări servicii,Licitație publică,7-May-2025,6-May-2027,1300.55,263.80
209,SUCURSALA PENTRU ADMINISTRAREA ȘI ÎNTREȚINEREA FONDULUI IMOBILIAR,,SC IKIGAI MOON SRL,P-TA V.MARACINEANU 1-3,51.71,,Închiriere și prestări servicii,Licitație publică,4-Mar-2026,3-Mar-2027,1201.02,467.42
210,SUCURSALA PENTRU ADMINISTRAREA ȘI ÎNTREȚINEREA FONDULUI IMOBILIAR,,INSTITUTUL ROMAN PENTRU DREPTURILE OMULUI,P-TA V.MARACINEANU 1-4,289.21,,Închiriere și prestări servicii,Atribuire directă,4-Jul-2025,13-Aug-2026,10490.17,
211,SUCURSALA PENTRU ADMINISTRAREA ȘI ÎNTREȚINEREA FONDULUI IMOBILIAR,,SC UNIVET CONSULT SRL,P-TA V.MARACINEANU 1-4,125.65,,Închiriere și prestări servicii,Licitație publică,03 09.2025,2-Sep-2030,1657.66,1019.03
212,SUCURSALA PENTRU ADMINISTRAREA ȘI ÎNTREȚINEREA FONDULUI IMOBILIAR,,"MINISTERUL MUNCII,FAMILIEI,TINERETULUI SI SOLIDARITATII SOCIALE",P-TA V.MARACINEANU 1-4,902.48,,Închiriere și prestări servicii,Atribuire directă,29-Jan-2026,15-Feb-2027,55401.04,
213,SUCURSALA PENTRU ADMINISTRAREA ȘI ÎNTREȚINEREA FONDULUI IMOBILIAR,,SGG-DEPARTAMENTUL PENTRU RELAȚII INTERETNICE,Paris 65 A,570.70,,Închiriere și prestări servicii,Atribuire directă,23-Apr-2026,31-Dec-2026,42452.72,
214,SUCURSALA PENTRU ADMINISTRAREA ȘI ÎNTREȚINEREA FONDULUI IMOBILIAR,,OFICIUL PENTRU LICENTA INDUSTRIALA,Paris 65 A,254.51,,Închiriere și prestări servicii,Atribuire directă,5-Mar-2025,31-Dec-2026,18309.09,
215,SUCURSALA PENTRU ADMINISTRAREA ȘI ÎNTREȚINEREA FONDULUI IMOBILIAR,,AUTORITATEA NAŢIONALĂ DE SUPRAVEGHERE A PRELUCRĂRII DATELOR CU CARACTER PERSONAL,BD. GH.MAGHERU 28-30,1414.00,,Închiriere și prestări servicii,Atribuire directă,6-Mar-2017,31-Dec-2026,40630.14,
216,SUCURSALA PENTRU ADMINISTRAREA ȘI ÎNTREȚINEREA FONDULUI IMOBILIAR,,UNIUNEA ZIARIȘTILOR PROFESIONIȘTI DIN ROMÂNIA,BD. GH.MAGHERU 28-30,364.76,,Închiriere și prestări servicii,Atribuire directă,25-Nov-2025,10-Aug-2026,9269.76,1918.64
217,SUCURSALA PENTRU ADMINISTRAREA ȘI ÎNTREȚINEREA FONDULUI IMOBILIAR,,ASOCIAŢIA ROMÂNĂ PENTRU TRANSPARENŢĂ,BD. GH.MAGHERU 28-30,155.65,,Prestări servicii,Atribuire directă,19-Mar-2018,18-Dec-2033,3850.74,
218,SUCURSALA PENTRU ADMINISTRAREA ȘI ÎNTREȚINEREA FONDULUI IMOBILIAR,,BOTEZ LUCIAN,BD. GH.MAGHERU 28-30,46.52,,Închiriere și prestări servicii,Licitație publică,4-Mar-2026,3-Mar-2027,1289.22,253.50
219,SUCURSALA PENTRU ADMINISTRAREA ȘI ÎNTREȚINEREA FONDULUI IMOBILIAR,,CABINET AVOCAT GRIGORIE- STEFANIA -LAVINIA,BD. GH.MAGHERU 28-30,31.49,,Închiriere și prestări servicii,Licitație publică,28-Mar-2023,27-Mar-2028,837.71,147.88
220,SUCURSALA PENTRU ADMINISTRAREA ȘI ÎNTREȚINEREA FONDULUI IMOBILIAR,,RAMATY SERV,BD. GH.MAGHERU 28-30,16.05,,Închiriere și prestări servicii,Licitație publică,7-May-2025,6-May-2027,534.68,73.58
221,SUCURSALA PENTRU ADMINISTRAREA ȘI ÎNTREȚINEREA FONDULUI IMOBILIAR,,OFICIUL PENTRU LICENTA INDUSTRIALA,BD. GH.MAGHERU 28-30,189.72,,Închiriere și prestări servicii,Atribuire directă,4-Jul-2025,3-Jul-2026,12567.56,
222,SUCURSALA PENTRU ADMINISTRAREA ȘI ÎNTREȚINEREA FONDULUI IMOBILIAR,,US FOOD NETWORK S.R.L,BD. GH.MAGHERU 28-30,1071.22,,Închiriere și prestări servicii,Licitație publică,30-Jun-2021,30-Nov-2026,2238.85,14500.00
223,SUCURSALA PENTRU ADMINISTRAREA ȘI ÎNTREȚINEREA FONDULUI IMOBILIAR,,DIRECȚIA NAȚIONALĂ DE PROBAȚIUNE,BD. GH.MAGHERU 28-30,1252.76,,Închiriere și prestări servicii,Atribuire directă,1-Apr-2020,31-Dec-2026,53738.32,
224,SUCURSALA PENTRU ADMINISTRAREA ȘI ÎNTREȚINEREA FONDULUI IMOBILIAR,,DIRECȚIA NAȚIONALĂ DE PROBAȚIUNE,BD. GH.MAGHERU 28-30,505.80,,Închiriere și prestări servicii,Atribuire directă,29-Jan-2026,31-Dec-2026,21841.82,
225,SUCURSALA PENTRU ADMINISTRAREA ȘI ÎNTREȚINEREA FONDULUI IMOBILIAR,,SC CHIMEXIM IMOBILIARA SRL,BD.REGINA ELISABETA 7-9 - Teren sub constructie,,798.05,Închiriere și prestări servicii,Atribuire directă/ Folosinta spatiu fara titlu,1-Apr-2011,31.03.2019 - Litigiu,747.06,718.25
226,SUCURSALA PENTRU ADMINISTRAREA ȘI ÎNTREȚINEREA FONDULUI IMOBILIAR,,S.C.COMEDIANTII PALILULA S.R.L.,B-DUL REGINA ELISABETA NR.3,102.91,,Închiriere și prestări servicii,Licitație publică,19-Jan-2022,18-Jan-2027,1108.70,1856.19
227,SUCURSALA PENTRU ADMINISTRAREA ȘI ÎNTREȚINEREA FONDULUI IMOBILIAR,,S.C.COMEDIANTII PALILULA S.R.L.,B-DUL REGINA ELISABETA NR.3,126.30,,Închiriere și prestări servicii,Licitație publică,16-Dec-2024,15-Dec-2026,1132.28,6364.43
228,SUCURSALA PENTRU ADMINISTRAREA ȘI ÎNTREȚINEREA FONDULUI IMOBILIAR,,AGENTIA DE REORGANIZARE JUDICIARA IPURL,B-DUL REGINA ELISABETA NR.3,29.74,,Închiriere și prestări servicii,Licitație publică,19-Jan-2022,18-Jan-2027,1281.36,166.23
229,SUCURSALA PENTRU ADMINISTRAREA ȘI ÎNTREȚINEREA FONDULUI IMOBILIAR,,PATRONATUL PRODUCATORILOR DE AGREGATE MINERALE,B-DUL REGINA ELISABETA NR.3,23.76,,Închiriere și prestări servicii,Licitație publică,3-Feb-2022,2-Feb-2027,1024.48,132.57
230,SUCURSALA PENTRU ADMINISTRAREA ȘI ÎNTREȚINEREA FONDULUI IMOBILIAR,,CURTEA DE CONTURI A ROMÂNIEI,B-DUL REGINA ELISABETA NR.3,523.56,,Închiriere și prestări servicii,Atribuire directă,24-Feb-2017,31-Dec-2026,16781.94,
231,SUCURSALA PENTRU ADMINISTRAREA ȘI ÎNTREȚINEREA FONDULUI IMOBILIAR,,AGENŢIA NAŢIONALĂ DE ADMINISTRARE A BUNURILOR INDISPONIBILIZATE,B-DUL REGINA ELISABETA NR.3,1129.72,,Închiriere și prestări servicii,Atribuire directă,11-Jan-2017,31-Aug-2026,47867.48,
232,SUCURSALA PENTRU ADMINISTRAREA ȘI ÎNTREȚINEREA FONDULUI IMOBILIAR,,OFICIUL NAȚIONAL PENTRU ACHIZIȚII CENTRALIZATE,B-DUL REGINA ELISABETA NR.3,785.45,,Închiriere și prestări servicii,Atribuire directă,27-Feb-2026,31-Dec-2026,27040.72,
233,SUCURSALA PENTRU ADMINISTRAREA ȘI ÎNTREȚINEREA FONDULUI IMOBILIAR,,DEPARTAMENTUL PENTRU LUPTA ANTIFRAUDA,B-DUL REGINA ELISABETA NR.3,2010.96,,Închiriere și prestări servicii,Atribuire directă,27-Apr-2026,30-Sep-2026,94455.80,
234,SUCURSALA PENTRU ADMINISTRAREA ȘI ÎNTREȚINEREA FONDULUI IMOBILIAR,,SC BRIMOTAS COM SRL,B-DUL REGINA ELISABETA NR.3,47.06,,Închiriere și prestări servicii,Licitație publică,16-Sep-2022,15-Sep-2027,442.73,592.96
235,SUCURSALA PENTRU ADMINISTRAREA ȘI ÎNTREȚINEREA FONDULUI IMOBILIAR,,MUZEUL MUNICIPIULUI BUCURESTI,CALEA VICTORIEI 118,499.73,,Închiriere și prestări servicii,Atribuire directă,29-Jan-2026,15-Jan-2027,11534.97,5387.09
236,SUCURSALA PENTRU ADMINISTRAREA ȘI ÎNTREȚINEREA FONDULUI IMOBILIAR,,ORDA - OFICIUL ROMAN PENTRU DREPTURILE DE AUTOR,CALEA VICTORIEI 118,983.90,,Închiriere și prestări servicii,Atribuire directă,27-Feb-2020,31-Dec-2026,70213.23,
237,SUCURSALA PENTRU ADMINISTRAREA ȘI ÎNTREȚINEREA FONDULUI IMOBILIAR,,ORDA - OFICIUL ROMAN PENTRU DREPTURILE DE AUTOR,CALEA VICTORIEI 118,1.00,,Închiriere,Licitație publică,20-May-2022,31-Dec-2026,,21.00
238,SUCURSALA PENTRU ADMINISTRAREA ȘI ÎNTREȚINEREA FONDULUI IMOBILIAR,,DEP.ROM. DE PRETUTINDENI (fost INSTITUTUL EUDOXIU HURMUZACHI Pt.ROMANII DE PRET.),CALEA VICTORIEI 118,491.67,,Închiriere și prestări servicii,Atribuire directă,30-Apr-2026,31-Dec-2026,38459.92,
239,SUCURSALA PENTRU ADMINISTRAREA ȘI ÎNTREȚINEREA FONDULUI IMOBILIAR,,IRSOP MARKET RESEARCH & CONSULTING SRL,STR.CRISTIAN POPISTEANU 2-4 - Teren,,82.00,Închiriere,Atribuire directă/ Folosinta spatiu fara titlu,18-Apr-2024,17.04.2025 - Litigiu,,338.66
240,SUCURSALA PENTRU ADMINISTRAREA ȘI ÎNTREȚINEREA FONDULUI IMOBILIAR,,SECRETARIATUL GENERAL AL GUVERNULUI-DEP.PENTRU RELATIA CU PARLAMENTUL,BD.PRIMAVERII NR.22,522.55,141.00,Închiriere și prestări servicii,Atribuire directă,23-Apr-2026,31-Dec-2026,48356.62,
241,SUCURSALA PENTRU ADMINISTRAREA ȘI ÎNTREȚINEREA FONDULUI IMOBILIAR,,OFICIUL NAȚIONAL DE PREVENIRE ȘI COMBATERE A SPĂLĂRII BANILOR - ARHIVĂ,CALEA VICTORIEI Nr. 91-93,278.71,,Închiriere,Atribuire directă,5-Sep-2018,30-Sep-2026,6985.93,
242,SUCURSALA PENTRU ADMINISTRAREA ȘI ÎNTREȚINEREA FONDULUI IMOBILIAR,,CONFEDERAŢIA SINDICALĂ NAŢIONALĂ MERIDIAN,Str. MENDELEEV 36-38,296.06,,Închiriere și prestări servicii,Atribuire directă,31-Jan-2019,30-Nov-2028,5878.94,1406.29
243,SUCURSALA PENTRU ADMINISTRAREA ȘI ÎNTREȚINEREA FONDULUI IMOBILIAR,,S.C. CONVERSMIN S.A.,Str. MENDELEEV 36-38,375.91,,Închiriere și prestări servicii,Licitație publică/Folosinta spatiu fara titlu/ Litigiu,22-Feb-2019,31 Oct 2023,11223.37,2631.37
244,SUCURSALA PENTRU ADMINISTRAREA ȘI ÎNTREȚINEREA FONDULUI IMOBILIAR,,SC VANTAGE TOWERS SRL,Str. MENDELEEV 36-38,50.00,,Închiriere și prestări servicii,Licitație publică,24-Jun-2022,30-Jun-2027,439.77,1550.00
245,SUCURSALA PENTRU ADMINISTRAREA ȘI ÎNTREȚINEREA FONDULUI IMOBILIAR,,DIGI ROMANIA S.A.,Str. MENDELEEV 36-38,15.00,,Închiriere și prestări servicii,Licitație publică,10-Jun-2021,14-Jun-2026,138.81,459.00
246,SUCURSALA PENTRU ADMINISTRAREA ȘI ÎNTREȚINEREA FONDULUI IMOBILIAR,,MINISTERUL INVESTITIILOR SI PROIECTELOR EUROPENE,Str. MENDELEEV 36-38,711.19,,Închiriere și prestări servicii,Atribuire directă,13-Sep-2023,31-Dec-2026,44088.97,
247,SUCURSALA PENTRU ADMINISTRAREA ȘI ÎNTREȚINEREA FONDULUI IMOBILIAR,,MINISTERUL INVESTITIILOR SI PROIECTELOR EUROPENE,Str. MENDELEEV 36-38,2369.37,,Închiriere și prestări servicii,Atribuire directă,28-Jun-2019,31-Dec-2026,154204.68,
248,SUCURSALA PENTRU ADMINISTRAREA ȘI ÎNTREȚINEREA FONDULUI IMOBILIAR,,MINISTERUL INVESTITIILOR SI PROIECTELOR EUROPENE,Str. MENDELEEV 34,2108.89,,Închiriere și prestări servicii,Atribuire directă,22-May-2017,31-Dec-2026,152958.59,
249,SUCURSALA PENTRU ADMINISTRAREA ȘI ÎNTREȚINEREA FONDULUI IMOBILIAR,,ORANGE ROMANIA S.A.,STR. MENDELEEV 34,1.00,,Închiriere și prestări servicii,Licitație publică,6-Jun-2023,5-Jun-2028,11.81,45.00
250,SUCURSALA PENTRU ADMINISTRAREA ȘI ÎNTREȚINEREA FONDULUI IMOBILIAR,,ASOCIATIA PRESEI SPORTIVE DIN ROMANIA,STR. VASILE CONTA NR.16,47.49,,Închiriere,Atribuire directă,25-Mar-2022,24-Mar-2029,,79.31
251,SUCURSALA PENTRU ADMINISTRAREA ȘI ÎNTREȚINEREA FONDULUI IMOBILIAR,,AGENTIA NATIONALA PENTRU SPORT,STR. VASILE CONTA NR.16,585.95,,Închiriere,Atribuire directă,5-Jan-2023,31-Dec-2026,1212.92,
252,SUCURSALA PENTRU ADMINISTRAREA ȘI ÎNTREȚINEREA FONDULUI IMOBILIAR,,"AUTORITATEA NATIONALA DE REGLEMENTARE IN DOMENIUL MINIER, PETROLIER SI AL STOCARII GEOLOGICE A DIOXIDULUI DE CARBON",DACIA 59,2596.90,,Închiriere și prestări servicii,Atribuire directă,19-Jan-2023,31-Dec-2026,176231.37,
253,SUCURSALA PENTRU ADMINISTRAREA ȘI ÎNTREȚINEREA FONDULUI IMOBILIAR,,INSTITUTUL REVOLUTIEI ROMANE - DECEMBRIE 1989,STR. ROSETTI NR. 33,1301.96,,Închiriere,Atribuire directă,28-Dec-2004,Pe durata desf.activităţii,20870.31,
254,SUCURSALA PENTRU ADMINISTRAREA ȘI ÎNTREȚINEREA FONDULUI IMOBILIAR,,UNIUNEA ELENA,STR. V. ALECSANDRI 8 - Teren aferent constructiilor vandute,,925.50,Închiriere,Atribuire directă,16-Oct-2006,Pe durata existenţei constr.,,46.28
255,SUCURSALA PENTRU ADMINISTRAREA ȘI ÎNTREȚINEREA FONDULUI IMOBILIAR,,INSTITUTIA PREFECTULUI- MUNICIPIUL BUCURESTI,STR.BATISTEI NR.13,1536.08,,Închiriere și prestări servicii,Atribuire directă,6-Jul-2022,16-Nov-2027,191693.20,
256,SUCURSALA PENTRU ADMINISTRAREA ȘI ÎNTREȚINEREA FONDULUI IMOBILIAR,,DEP.ROMANII DE PRETUTINDENI,"ZAMBACCIAN, NR.17",530.38,,Închiriere și prestări servicii,Atribuire directă,30-Apr-2026,31-Dec-2026,52023.15,
257,SUCURSALA PENTRU ADMINISTRAREA ȘI ÎNTREȚINEREA FONDULUI IMOBILIAR,,AGENTIA PENTRU MONITORIZAREA SI EVALUAREA PERFORMANTELOR INTERPRINDERILOR PUBLICE,STR. GRAL.FLORESCU 1,916.84,,Închiriere și prestări servicii,Atribuire directă,19-May-2026,30-Jun-2026,64039.83,
258,SUCURSALA PENTRU ADMINISTRAREA ȘI ÎNTREȚINEREA FONDULUI IMOBILIAR,,S.C. THE PUB CENTRAL S.R.L.,"STR.FABRICA DE GLUCOZA, NR.3A",28.80,,Închiriere și prestări servicii,Licitație publică,13-Nov-2024,15-Jun-2029,189.93,245.66
259,SUCURSALA PENTRU ADMINISTRAREA ȘI ÎNTREȚINEREA FONDULUI IMOBILIAR,,S.C. THE PUB CENTRAL S.R.L.,"STR.FABRICA DE GLUCOZA, NR.3A",6.37,,Închiriere,Licitație publică,25-Feb-2026,24-Feb-2027,,50.00
260,SUCURSALA PENTRU ADMINISTRAREA ȘI ÎNTREȚINEREA FONDULUI IMOBILIAR,,ACADEMIA DE STIINTE MEDICALE,"STR.OLARI, NR.23",326.87,,Închiriere și prestări servicii,Atribuire directă,28-May-2026,30-Sep-2026,12050.03,
261,SUCURSALA PENTRU ADMINISTRAREA ȘI ÎNTREȚINEREA FONDULUI IMOBILIAR,,SC APEX ALLIANCE DEVELOPEMENT 3 SRL,"STR. DOAMNEI NR. 17-19, SECTOR 3, Bucuresti, Teren sub constructie",0.00,932.00,folosinta gratuita,Atribuire directă,16-Jul-1993,nedeterminat,,
262,SUCURSALA PENTRU ADMINISTRAREA ȘI ÎNTREȚINEREA FONDULUI IMOBILIAR,,H&S WEST PROPERTIES SRL,"Calea Victoriei, nr. 109 - teren sub constructie aferent imobil vandut",,1243.00,folosinta gratuita,Atribuire directă,28-Oct-1993,nedeterminat,,
263,SUCURSALA PENTRU ADMINISTRAREA ȘI ÎNTREȚINEREA FONDULUI IMOBILIAR,,EDITURA MAXIM CONCEPT,P-TA PRESEI LIBERE NR.1 - Parcare auto,,3 locuri parcare,Închiriere,Licitație publică,20-Jan-2022,30-Jan-2027,,240.00
264,SUCURSALA PENTRU ADMINISTRAREA ȘI ÎNTREȚINEREA FONDULUI IMOBILIAR,,S.C. LIBRARIILE HUMANITAS S.A.,P-TA PRESEI LIBERE NR.1 - Parcare auto,,2 locuri parcare,Închiriere,Licitație publică,10-Feb-2022,9-Feb-2027,,144.00
265,SUCURSALA PENTRU ADMINISTRAREA ȘI ÎNTREȚINEREA FONDULUI IMOBILIAR,,S.C. HUMANITAS S.A.,P-TA PRESEI LIBERE NR.1 - Parcare auto,,3 locuri parcare,Închiriere,Licitație publică,10-Feb-2022,9-Feb-2027,,216.00
266,SUCURSALA PENTRU ADMINISTRAREA ȘI ÎNTREȚINEREA FONDULUI IMOBILIAR,,S.C. HUMANITAS FICTION S.R.L.,P-TA PRESEI LIBERE NR.1 - Parcare auto,,2 locuri parcare,Închiriere,Licitație publică,10-Feb-2022,9-Feb-2027,,144.00
267,SUCURSALA PENTRU ADMINISTRAREA ȘI ÎNTREȚINEREA FONDULUI IMOBILIAR,,S-PARK,P-TA PRESEI LIBERE NR.1 - Parcare auto,,167 locuri parcare,Închiriere,Licitație publică,12-Jul-2024,11-Jul-2029,,13694.00
268,SUCURSALA PENTRU ADMINISTRAREA ȘI ÎNTREȚINEREA FONDULUI IMOBILIAR,,CONSILIUL CONCURENTEI,P-TA PRESEI LIBERE NR.1 - Parcare auto,,4 locuri parcare,Închiriere,Atribuire directă,22-May-2014,13-Jun-2026,1062.40,
269,SUCURSALA PENTRU ADMINISTRAREA ȘI ÎNTREȚINEREA FONDULUI IMOBILIAR,,ANAF,P-TA PRESEI LIBERE NR.1 - Parcare auto,,20 locuri parcare,Închiriere,Atribuire directă,25-Feb-2014,31-Dec-2026,21725.60,
270,SUCURSALA PENTRU ADMINISTRAREA ȘI ÎNTREȚINEREA FONDULUI IMOBILIAR,,SC BULROM IMPEX GAS SRL,P-TA PRESEI LIBERE NR.1 - Parcare auto,,20 locuri parcare,Închiriere,Licitație publică,5-Jun-2025,4-Jun-2027,,1500.00
271,SUCURSALA PENTRU ADMINISTRAREA ȘI ÎNTREȚINEREA FONDULUI IMOBILIAR,,ANAF,P-TA PRESEI LIBERE NR.1 - Parcare auto,,110 locuri parcare,Închiriere,Atribuire directă,26-Feb-2014,31-Dec-2026,21725.60,
272,SUCURSALA PENTRU ADMINISTRAREA ȘI ÎNTREȚINEREA FONDULUI IMOBILIAR,,ANAF,P-TA PRESEI LIBERE NR.1 - Parcare auto,,2 locuri parcare,Închiriere,Atribuire directă,6-Jun-2024,5-Jun-2027,360.98,
273,SUCURSALA PENTRU ADMINISTRAREA ȘI ÎNTREȚINEREA FONDULUI IMOBILIAR,,I.S.C.T.R.,P-TA PRESEI LIBERE NR.1 - Parcare auto,,11 locuri parcare,Închiriere,Atribuire directă,19-May-2026,31-Dec-2026,2921.60,
274,SUCURSALA PENTRU ADMINISTRAREA ȘI ÎNTREȚINEREA FONDULUI IMOBILIAR,,S.C. ANDREM STRATEGY S.R.L.,P-TA PRESEI LIBERE NR.1 - Parcare auto,,15 locuri parcare,Închiriere,Licitație publică,15-Mar-2022,23-Mar-2027,,960.00
275,SUCURSALA PENTRU ADMINISTRAREA ȘI ÎNTREȚINEREA FONDULUI IMOBILIAR,,COMISIA NATIONALA A ROMANIEI PENTRU UNESCO,"str.Cehov Anton nr.8, sector 1, București",309.25,,Închiriere,atribuire directa,1-Jul-2014,31-Dec-2026,21955.62,0.00
276,SUCURSALA PENTRU ADMINISTRAREA ȘI ÎNTREȚINEREA FONDULUI IMOBILIAR,,INSTITUTUL NAȚIONAL PENTRU STUDIEREA HOLOCAUSTULUI DIN ROMÂNIA”ELIE WIESEL”,"b-dul Dacia nr. 89, sector 2, Bucureşti",580.22,,Închiriere,atribuire directa,1-Feb-2013,31-Dec-2026,64100.34,0.00
277,SUCURSALA PENTRU ADMINISTRAREA ȘI ÎNTREȚINEREA FONDULUI IMOBILIAR,,S.C. SPIRMINA CORPORATION S.R.L.,"str. Delavrancea Barbu nr. 6A sector 1, Bucureşti",7107.32,,Închiriere,atribuire directa,1-Dec-1996,30-Nov-2028,0.00,59962.26
278,SUCURSALA PENTRU ADMINISTRAREA ȘI ÎNTREȚINEREA FONDULUI IMOBILIAR,,YACHT CLUB REGAL ROMÂN,"str. Delavrancea Barbu nr. 12 B, parter + mezanin, ap. 1, sector 1, Bucureşti",242.68,,Închiriere,atribuire directa,11-May-2022,10-May-2027,0.00,3294.00
279,SUCURSALA PENTRU ADMINISTRAREA ȘI ÎNTREȚINEREA FONDULUI IMOBILIAR,,YACHT CLUB REGAL ROMÂN,"str. Delavrancea Barbu nr. 12 B, et.2+3, ap. 5, sector 1, Bucureşti",243.38,,Închiriere,atribuire directa,11-May-2022,10-May-2027,0.00,3222.00
280,SUCURSALA PENTRU ADMINISTRAREA ȘI ÎNTREȚINEREA FONDULUI IMOBILIAR,,SC ON-LINE VENUS SRL,"Calea Dorobanţilor nr. 87, parter, spaţiu comercial sector 1, Bucureşti",68.87,,Închiriere,Licitație,15-May-2025,14-May-2027,0.00,1375.33
281,SUCURSALA PENTRU ADMINISTRAREA ȘI ÎNTREȚINEREA FONDULUI IMOBILIAR,,SC GUAVA RFS SRL,"Calea Dorobanţilor nr. 87, mezanin sector 1, Bucureşti",133.27,,Închiriere,Licitație,15-Apr-2025,14-Apr-2027,552.00,1535.27
282,SUCURSALA PENTRU ADMINISTRAREA ȘI ÎNTREȚINEREA FONDULUI IMOBILIAR,,PATRONATUL ÎNTREPRINDERILOR MICI ȘI MIJLOCII TULCEA,"Calea Dorobanţilor nr.87, et. 4, ap. 4 sector 1, Bucureşti",123.49,,Închiriere,Licitație,18-Feb-2019,18-Nov-2026,484.34,"1123,76"
283,SUCURSALA PENTRU ADMINISTRAREA ȘI ÎNTREȚINEREA FONDULUI IMOBILIAR,,SC VANTAGE TOWERS SRL,"str. Eminescu Mihai nr. 124, terasă+cameră serviciu sector 2, Bucureşti",42.70,,Închiriere,Licitație,5-Mar-2009,12-Oct-2027,0.00,2092.51
284,SUCURSALA PENTRU ADMINISTRAREA ȘI ÎNTREȚINEREA FONDULUI IMOBILIAR,,S.C. STEDA RESIDENCE S.R.L.,"Şos. Kiseleff P. Dimitrievici nr. 20 / LP. 1, 2, 3, 4, 5 şi 6, sector 1, Bucureşti",locuri parcare,,Închiriere,Licitație,26-Aug-2021,25-Aug-2026,0.00,515.46
285,SUCURSALA PENTRU ADMINISTRAREA ȘI ÎNTREȚINEREA FONDULUI IMOBILIAR,,FUNDAȚIA UNIVERSITARĂ A MĂRII NEGRE - MIRCEA MALIȚA,"şos. Kiseleff Pavel Dimitrievici nr. 24, P., ap.2, sector 1, Bucureşti",139.98,,Închiriere,atribuire directa,5-Aug-2021,4-Aug-2026,0.00,"1257,50"
286,SUCURSALA PENTRU ADMINISTRAREA ȘI ÎNTREȚINEREA FONDULUI IMOBILIAR,,PARTIDUL BUNASTARII DECENTE,"şos. Kiseleff Pavel Dimitrievici nr. 24, et.1, ap.4 sector 1, Bucureşti",156.10,,Închiriere,atribuire directa,15-Jun-2024,14-Jun-2029,0.00,"1931,26"
287,SUCURSALA PENTRU ADMINISTRAREA ȘI ÎNTREȚINEREA FONDULUI IMOBILIAR,,PARTIDUL BUNASTARII DECENTE,"şos. Kiseleff Pavel Dimitrievici nr. 24, et.2, ap.7, + camera 2 (7.18 mp) + camera (10,87) + hol (7,51) + grup sanitar (1,88) etaj 3, sector 1, Bucureşti",265.28,,Închiriere,atribuire directa,8-Jun-2022,7-Jun-2027,165.37,"1790,64"
288,SUCURSALA PENTRU ADMINISTRAREA ȘI ÎNTREȚINEREA FONDULUI IMOBILIAR,,FUNDAȚIA EUROPEANĂ”NICOLAE TITULESCU”,"şos. Kiseleff Pavel Dimitrievici nr. 47, sector 1, Bucureşti",728.55,896.71,folosinta gratuita,atribuire directa,1-Aug-2002,31-Jul-2026,7612.38,HG 784/2002
289,SUCURSALA PENTRU ADMINISTRAREA ȘI ÎNTREȚINEREA FONDULUI IMOBILIAR,,PARTIDUL UNIUNEA SALVAȚI ROMÂNIA,"şos. Kiseleff Pavel Dimitrievici nr. 55, vila 9, et.1, ap.3, sector 1, Bucureşti",41.23,,Închiriere,atribuire directa,17-Jun-2021,16-Jun-2027,243.52,"204,09"
290,SUCURSALA PENTRU ADMINISTRAREA ȘI ÎNTREȚINEREA FONDULUI IMOBILIAR,,MINISTERUL AFACERILOR EXTERNE,"str. Lascăr Vasile nr. 52 sector 2, Bucureşti",771.77,,Închiriere,atribuire directa,9-Aug-2019,31-Dec-2026,"49030,55",0.00
291,SUCURSALA PENTRU ADMINISTRAREA ȘI ÎNTREȚINEREA FONDULUI IMOBILIAR,,UNIUNEA DEMOCRATĂ A MAGHIARILOR DIN ROMÂNIA,"str. Lister Joseph, dr. nr. 57, sector 5, Bucureşti - Teren aferent constructiilor vandute",,123.19,Închiriere,atribuire directa,30-Mar-2017,18-Jun-2026,0.00,"369,57"
292,SUCURSALA PENTRU ADMINISTRAREA ȘI ÎNTREȚINEREA FONDULUI IMOBILIAR,,DIRECȚIA NAȚIONALĂ ANTICORUPȚIE-PARCHETUL EUROPEAN(EPPO),"str. Modrogan nr. 16, sector 1, Bucureşti",854.77,,Închiriere,atribuire directa,14-Nov-2022,13-Nov-2027,66489.67,0.00
293,SUCURSALA PENTRU ADMINISTRAREA ȘI ÎNTREȚINEREA FONDULUI IMOBILIAR,,PARTIDUL MIŞCAREA POPULARĂ,"str. Nicolae Iorga nr. 11 sector 1, Bucureşti",654.62,1474.00,Închiriere,atribuire directa,1-Feb-2021,31-Jan-2027,2305.15,2803.47
294,SUCURSALA PENTRU ADMINISTRAREA ȘI ÎNTREȚINEREA FONDULUI IMOBILIAR,,UNIUNEA NAȚIONALĂ A CONSILIILOR JUDEȚENE DIN ROMÂNIA,"str. Polonă nr. 2, sector 1, Bucureşti",882.51,,Închiriere,atribuire directa,9-Jan-2014,8-Jan-2029,2607.15,"6046,39"
295,SUCURSALA PENTRU ADMINISTRAREA ȘI ÎNTREȚINEREA FONDULUI IMOBILIAR,,FUNDAȚIA PENTRU ARTE,"str. Polonă nr. 3-5, parter, ap. 1, sector 1, Bucureşti",121.69,,Închiriere,Licitație,3-Mar-2022,2-Mar-2027,0.00,"973,52"
296,SUCURSALA PENTRU ADMINISTRAREA ȘI ÎNTREȚINEREA FONDULUI IMOBILIAR,,CLUBUL SPORTIV”OLIMPIA”BUCUREȘTI,"str. Polonă nr. 3-5, et.5, ap. 11, sector 1, Bucureşti",143.31,,Închiriere,atribuire directa,20-Sep-2024,19-Sep-2030,0.00,"1205,24"
297,SUCURSALA PENTRU ADMINISTRAREA ȘI ÎNTREȚINEREA FONDULUI IMOBILIAR,,ASOCIAȚIA ARMATORILOR ȘI OPERATORILOR PORTUARI FLUVUALI DIN ROMÂNIA,"str. Polonă nr. 3-5, et.6, ap. 13, sector 1, Bucureşti",161.11,,Închiriere,atribuire directa,16-Jul-2025,15-Jul-2028,0.00,"1156,77"
298,SUCURSALA PENTRU ADMINISTRAREA ȘI ÎNTREȚINEREA FONDULUI IMOBILIAR,,SC VANTAGE TOWERS SRL,"str. Polonă nr. 3-5, terasă sector 1, Bucureşti",57.50,,Închiriere,Licitație,11-Feb-2009,12-Oct-2027,0.00,3443.96
299,SUCURSALA PENTRU ADMINISTRAREA ȘI ÎNTREȚINEREA FONDULUI IMOBILIAR,,FUNDAȚIA BLUE PLANET,"str. Polonă nr. 4, sector 1, Bucureşti",1671.62,,Închiriere,atribuire directa,14-Nov-2006,14-Jan-2027,0.00,"20520,00"
300,SUCURSALA PENTRU ADMINISTRAREA ȘI ÎNTREȚINEREA FONDULUI IMOBILIAR,,MINISTERUL AFACERILOR EXTERNE,"str. Polonă nr. 8, sector 1, Bucureşti",1319.14,,Închiriere,atribuire directa,15-Mar-2011,31-Dec-2026,25364.46,0.00
301,SUCURSALA PENTRU ADMINISTRAREA ȘI ÎNTREȚINEREA FONDULUI IMOBILIAR,,INSTITUTUL DE STUDII AVANSATE PENTRU CULTURA ȘI CIVILIZAȚIA LEVANTULUI,"b-dul Prezan Constantin, mareşal nr. 2A, ap. 1 sector 1, Bucureşti",721.89,1247.00,prestări servicii,atribuire directa,21-Dec-2017,19-Dec-2027,3755.12,0.00
302,SUCURSALA PENTRU ADMINISTRAREA ȘI ÎNTREȚINEREA FONDULUI IMOBILIAR,,SECRETARIATUL GENERAL AL GUVERNULUI DEPARTAMENTUL PENTRU RELAȚIA CU PARLAMENTUL,"b-dul Primăverii nr. 22, sector 1, Bucureşti",522.55,,Închiriere,atribuire directa,1-Mar-2023,31-Dec-2026,54539.78,0.00
303,SUCURSALA PENTRU ADMINISTRAREA ȘI ÎNTREȚINEREA FONDULUI IMOBILIAR,,SC FAMILY FIL ENTERTAINMENT SRL,"str. Pușkin Alexandr nr. 5, sector 1, Bucureşti",223.97,,Închiriere,Licitație,23-Nov-2023,22-Nov-2028,0.00,1601.39
304,SUCURSALA PENTRU ADMINISTRAREA ȘI ÎNTREȚINEREA FONDULUI IMOBILIAR,,FUNDATIA ANSOF,"str. Racotă Nicolae nr. 16- 18, parter, ap.1, sector 1, Bucureşti",94.80,,Închiriere,Licitație,1-Jun-2019,16-Jun-2029,82.38,"568,80"
305,SUCURSALA PENTRU ADMINISTRAREA ȘI ÎNTREȚINEREA FONDULUI IMOBILIAR,,ASOCIAȚIA”21 DECEMBRIE 1989”,"str. Romulus nr. 6, sector 2, Bucureşti",477.94,,folosinta gratuita,atribuire directa,28-Aug-2024,27-Aug-2029,,HG 941/2024
306,SUCURSALA PENTRU ADMINISTRAREA ȘI ÎNTREȚINEREA FONDULUI IMOBILIAR,,MINISTERUL AFACERILOR EXTERNE,"str. Russo Alecu nr. 13-19, P., ap.1, sector 2, Bucureşti",268.69,,Închiriere,atribuire directa,2-Oct-2017,31-Dec-2026,"1960,42",0.00
307,SUCURSALA PENTRU ADMINISTRAREA ȘI ÎNTREȚINEREA FONDULUI IMOBILIAR,,MINISTERUL AFACERILOR EXTERNE,"str. Russo Alecu nr. 13-19, P., ap.1A, sector 2, Bucureşti",42.79,,Închiriere,atribuire directa,3-Oct-2017,31-Dec-2026,477.05,0.00
308,SUCURSALA PENTRU ADMINISTRAREA ȘI ÎNTREȚINEREA FONDULUI IMOBILIAR,,MINISTERUL AFACERILOR EXTERNE- Organizația Internațională a Francofoniei,"str. Russo Alecu nr. 13-19, et.1, ap.2, sector 2, Bucureşti",291.01,,Închiriere,atribuire directa,5-Jun-2014,31-Dec-2026,"2074,45",30.00
309,SUCURSALA PENTRU ADMINISTRAREA ȘI ÎNTREȚINEREA FONDULUI IMOBILIAR,,MINISTERUL AFACERILOR EXTERNE,"str. Russo Alecu nr. 13-19, et.1, ap.3, sector 2, Bucureşti",266.03,,Închiriere,atribuire directa,2-Oct-2017,31-Dec-2026,"2010,09",0.00
310,SUCURSALA PENTRU ADMINISTRAREA ȘI ÎNTREȚINEREA FONDULUI IMOBILIAR,,INSTITUTUL DE INVESTIGARE A CRIMELOR COMUNISMULUI ȘI MEMORIA EXILULUI ROMÂNESC,"str. Russo Alecu nr. 13-19, et.3, ap.6, sector 2, Bucureşti",293.93,,Închiriere,atribuire directa,10-May-2010,31-Jan-2027,"2173,74",0.00
311,SUCURSALA PENTRU ADMINISTRAREA ȘI ÎNTREȚINEREA FONDULUI IMOBILIAR,,ASOCIAȚIA PENTRU ANTREPRENORIAT CULTURAL,"str. Russo Alecu nr. 13-19, et.4, ap.8, sector 2, Bucureşti",290.27,,Închiriere,atribuire directa,25-Mar-2026,24-Mar-2031,3079.68,1187.20
312,SUCURSALA PENTRU ADMINISTRAREA ȘI ÎNTREȚINEREA FONDULUI IMOBILIAR,,PARTIDUL ALIANȚA LEGE ȘI ORDINE”ALO,"str. Russo Alecu nr. 13-19, et.4, ap.9, sector 2, Bucureşti",267.34,,Închiriere,atribuire directa,22-Jan-2025,21-Jan-2031,151.25,1518.49
313,SUCURSALA PENTRU ADMINISTRAREA ȘI ÎNTREȚINEREA FONDULUI IMOBILIAR,,INSTITUTUL DE INVESTIGARE A CRIMELOR COMUNISMULUI ȘI MEMORIA EXILULUI ROMÂNESC,"str. Russo Alecu nr. 13-19, et.5, ap.10, sector 2, Bucureşti",292.53,,Închiriere,atribuire directa,24-Jan-2013,31-Jan-2027,"2183,32",0.00
314,SUCURSALA PENTRU ADMINISTRAREA ȘI ÎNTREȚINEREA FONDULUI IMOBILIAR,,INSTITUTUL DE INVESTIGARE A CRIMELOR COMUNISMULUI ȘI MEMORIA EXILULUI ROMÂNESC,"str. Russo Alecu nr. 13-19, et.5, ap.11, sector 2, Bucureşti",275.24,,Închiriere,atribuire directa,10-May-2010,31-Jan-2027,"2126,88",0.00
315,SUCURSALA PENTRU ADMINISTRAREA ȘI ÎNTREȚINEREA FONDULUI IMOBILIAR,,AGENȚIA UNIVERSITARĂ A FRANCOFONIEI-BIROUL EUROPA CENTRALĂ,"str. Russo Alecu nr. 13-19, et.7, ap.14, sector 2, Bucureşti",278.66,,Închiriere,atribuire directa,19-Feb-2021,20-Jul-2026,151.25,2005.71
316,SUCURSALA PENTRU ADMINISTRAREA ȘI ÎNTREȚINEREA FONDULUI IMOBILIAR,,S.C. PHOENIX TELECOM S.R.L.,"str. Russo Alecu nr. 13-19, parter, sector 2, Bucureşti",23.08,,Închiriere,Licitație,10-May-2019,2-Nov-2027,0.00,"251,11"
317,SUCURSALA PENTRU ADMINISTRAREA ȘI ÎNTREȚINEREA FONDULUI IMOBILIAR,,MINISTERUL AFACERILOR EXTERNE,"str. Silvestru nr. 4, sector 2, Bucureşti",242.00,,Închiriere,atribuire directa,15-Jun-2016,31-Dec-2026,"12292,98",0.00
318,SUCURSALA PENTRU ADMINISTRAREA ȘI ÎNTREȚINEREA FONDULUI IMOBILIAR,,MINISTERUL AFACERILOR EXTERNE,"Str. Țepeș Vodă nr. 88, sector 2, Bucureşti - Garaj",1430.52,,Închiriere,atribuire directa,25-Apr-2025,31-Dec-2026,"19828,55",0.00
319,SUCURSALA PENTRU ADMINISTRAREA ȘI ÎNTREȚINEREA FONDULUI IMOBILIAR,,SC DIESEL SERVCOM SRL,"Bdul. Mircea Eliade nr. 113, sector 1, Bucuresti",,329.00,servitute de trecere,atribuire directa,16-Jun-2025,15-Jun-2030,0.00,204.25
320,SUCURSALA PENTRU ADMINISTRAREA ȘI ÎNTREȚINEREA FONDULUI IMOBILIAR,,SC EVERLAND SA,"Bdul. Mircea Eliade nr. 113, sector 1, Bucuresti",,329.00,servitute de trecere,atribuire directa,20-May-2025,19-May-2030,0.00,408.50
321,SUCURSALA PENTRU ADMINISTRAREA ȘI ÎNTREȚINEREA FONDULUI IMOBILIAR,,Camera de Comert si Industrie a Romaniei si a Municipiului Bucuresti,"Bdul. Expozitiei nr. 22-30, sector 1, Bucuresti",,18000.04,folosinta gratuita,atribuire directa,14-Oct-2004,13-Oct-2053,0.00,HG nr. 1709/2004
1,SUCURSALA DE REPREZENTARE ȘI PROTOCOL SINAIA,,S.C VANTAGE TOWERS S.R.L,"STR.TOPORASILOR, NR.1A, SINAIA, JUD.PRAHOVA - HOTEL MARA",8.00,,inchiriere,licitatie publica,21-Oct-21,20-Oct-26,,480
2,SUCURSALA DE REPREZENTARE ȘI PROTOCOL SINAIA,,S.C DIGI ROMANIA S.A,"STR.TOPORASILOR, NR.1A, SINAIA, JUD.PRAHOVA - HOTEL MARA",10.00,,inchiriere,licitatie publica,14-Sep-21,13-Sep-26,,600
3,SUCURSALA DE REPREZENTARE ȘI PROTOCOL SINAIA,,S.C ORANGE ROMANIA S.A,"STR.TOPORASILOR, NR.1A, SINAIA, JUD.PRAHOVA - HOTEL MARA",12.30,,inchiriere,licitatie publica,8-Sep-21,7-Sep-26,,738
4,SUCURSALA DE REPREZENTARE ȘI PROTOCOL SINAIA,,S.C ORANGE ROMANIA S.A,"STR.FURNICA, NR.50, SINAIA, JUD.PRAHOVA, ""GRUP GOSPODARESC FURNICA""",20.5,,inchiriere,licitatie publica,29-Sep-23,28-Sep-28,,410
5,SUCURSALA DE REPREZENTARE ȘI PROTOCOL SINAIA,,S.C TELEKOM ROMANIA MOBILE COMMUNICATIONS S.A,"STR.TOPORASILOR, NR.1A, SINAIA, JUD.PRAHOVA - HOTEL MARA",18.00,,inchiriere,licitatie publica,18-Aug-21,17-Aug-26,,1080
1,SUCURSALA DE REPREZENTARE ȘI PROTOCOL TRIUMF,,SC TIRIAC AUTO,"Sos. Bucuresti-Ploiesti nr.107, sector 1 Bucuresti",40,1638,inchiriere,licitatie publica,30-Jan-26,1-Feb-31,,5160
2,SUCURSALA DE REPREZENTARE ȘI PROTOCOL TRIUMF,,SC GET@HAIR STUDIO,bd. Mircea Eliade nr.1 sector 1 Bucuresti,"26,58",,inchiriere,licitatie publica,4-Feb-21,21-Feb-31,,600
3,SUCURSALA DE REPREZENTARE ȘI PROTOCOL TRIUMF,,RS ACTIV SRL,"Complex Agrozootehnic Vlasia, Snagov, jud. Ilfov",5050,84834,inchiriere,licitatie publica,8/Feb/21,8/Jan/36,,12650
4,SUCURSALA DE REPREZENTARE ȘI PROTOCOL TRIUMF,,SC ASCORP RETELE ELECTRICE,"Aleea Nufarului nr. 1A Snagov, jud. Ilfov",750,1393,inchiriere,licitatie publica,2/Aug/23,13/Feb/38,,265
5,SUCURSALA DE REPREZENTARE ȘI PROTOCOL TRIUMF,,SC ASCORP RETELE ELECTRICE,Aleea Nufarului nr. 1B Snagov,172,650,inchiriere,licitatie publica,8/Feb/23,13/Feb/38,,578
6,SUCURSALA DE REPREZENTARE ȘI PROTOCOL TRIUMF,,FO DISTRIBUTION & CONSULTING,"Bd. Ion Mihalache nr.125, sector 1, Bucuresti","77,17",,inchiriere,licitatie publica,20/Apr/23,23/Apr/28,,757
7,SUCURSALA DE REPREZENTARE ȘI PROTOCOL TRIUMF,,SC ASCORP RETELE ELECTRICE,"Aleea Nufarului nr.1B, Snagov",421,2127,inchiriere,licitatie publica,7/Aug/23,8/Aug/28,,2340
8,SUCURSALA DE REPREZENTARE ȘI PROTOCOL TRIUMF,,FERMA MATASARU SRL,"Complex Agrozootehnic Vlasia, Snagov, jud. Ilfov",1388,9861,inchiriere,licitatie publica,21/Aug/23,2/Oct/28,,1847
9,SUCURSALA DE REPREZENTARE ȘI PROTOCOL TRIUMF,,SC INSARO ENERGY SRL,"Sos. Bucuresti-Ploiesti nr.107, sector 1 Bucuresti","599,00",,inchiriere,licitatie publica,16/Oct/24,15/Oct/29,,1589
10,SUCURSALA DE REPREZENTARE ȘI PROTOCOL TRIUMF,,SC AIRPORTICA SRL,demisol Sos. Pavel Dimitrievici Kiseleff nr.12,"95,90",,inchiriere,licitatie publica,4/Jun/24,3/Jun/29,,915
11,SUCURSALA DE REPREZENTARE ȘI PROTOCOL TRIUMF,,SC LOGISTICA FEROVIARA SRL,Sos. Pavel Dimitrievici Kiseleff nr.12,,628,inchiriere,licitatie publica,2/Aug/21,1/Aug/26,,1428
12,SUCURSALA DE REPREZENTARE ȘI PROTOCOL TRIUMF,,SC LOGISTICA FEROVIARA SRL,Sos. Pavel Dimitrievici Kiseleff nr.12,,525,inchiriere,licitatie publica,2/Aug/21,1/Aug/26,,1428
13,SUCURSALA DE REPREZENTARE ȘI PROTOCOL TRIUMF,,MINISTERUL AFACERILOR EXTERNE,Bulevardul Primaverii nr.50,"565,5",,prestari servicii,atribuire directa,1/Jan/26,31/Dec/26,15038,
14,SUCURSALA DE REPREZENTARE ȘI PROTOCOL TRIUMF,,SC RON'S LAND GREEN SRL,"str. Nufarului nr.15 E, Snagov, Ilfov","430,95","5019,00",asociere/folosinta fara titlu/LITIGIU,atribuire directa,6/Apr/95,6/Apr/15,,
15,SUCURSALA DE REPREZENTARE ȘI PROTOCOL TRIUMF,,SC LEADER INTERNATIONAL SA,"sos. Pipera 79-81, sector 1, Bucuresti","4214,64","214704,77",asociere/folosinta fara titlu/LITIGIU,atribuire directa,1/Nov/06,1/Nov/16,,
16,SUCURSALA DE REPREZENTARE ȘI PROTOCOL TRIUMF,,SC EURO CONSTRUCT TRADING 98 SRL,"Aleea Nufarului nr.1 B, Snagov, Ilfov",3705.44,"11404,00",asociere/folosinta fara titlu/LITIGIU,atribuire directa,11/Nov/04,10/Nov/24,,
17,SUCURSALA DE REPREZENTARE ȘI PROTOCOL TRIUMF,,SC RELATIONAL TRADING SRL,"sos. Erou Iancu Nicolae nr. 12-26, Voluntari, Ilfov","4215,74","10398,20",asociere/folosinta fara titlu/LITIGIU,atribuire directa,9/Jul/04,30/Jun/19,,
18,SUCURSALA DE REPREZENTARE ȘI PROTOCOL TRIUMF,,APA CANAL ILFOV,"IMOBIL teren si constructii din str.Intrarea Socului nr.6, Snagov, IF",61.2,510.00,inchiriere,atribuire directa,4/Jul/25,3/Jul/26,5324,
1,REGIE,,LAM 4 KIDS SRL,"Str. Jandarmeriei FN, localitatea Izvorani, jud. Ilfov",394,25838,inchiriere,licitație publică,27-dec.-21,26-dec.-36,,6323
1,REGIE,Departamentul Bucurestii Noi,DIGI ROMANIA SA,Bd. Aviatorilor nr. 14 Sector 1,,15,prestări servicii,licitație publică,13-nov.-24,12-nov.-29,,483.00
1,REGIE,Departamentul Sala Palatului,SOUND DESIGN SRL,Ion Câmpineanu nr. 28 Sector 1,21.06,,închiriere,licitație publică,01-apr.-26,,,219.80
2,REGIE,Departamentul Sala Palatului,SOUND DESIGN SRL,Ion Câmpineanu nr. 28 Sector 1,21.14,,închiriere,licitație publică,,02-oct.-27,,219.86
3,REGIE,Departamentul Sala Palatului,BEST ARTIST PRODUCTION SRL,Ion Câmpineanu nr. 28 Sector 1,21.89,,închiriere,licitație publică,16-nov.-22,02-oct.-27,,227.66
4,REGIE,Departamentul Sala Palatului,SAVA I. MIHAELA – CABINET DE AVOCAT,Ion Câmpineanu nr. 28 Sector 1,22.43,,închiriere,licitație publică,07-sept.-22,02-oct.-27,,233.27
5,REGIE,Departamentul Sala Palatului,BEST ARTIST PRODUCTION SRL,Ion Câmpineanu nr. 28 Sector 1,21.73,,închiriere,licitație publică,07-sept.-22,02-oct.-27,,225.99
6,REGIE,Departamentul Sala Palatului,GAS EXPERT SRL,Ion Câmpineanu nr. 28 Sector 1,21.62,,închiriere,licitație publică,07-sept.-22,02-oct.-27,,224.85
7,REGIE,Departamentul Sala Palatului,GAS EXPERT SRL,Ion Câmpineanu nr. 28 Sector 1,21.62,,închiriere,licitație publică,07-sept.-22,02-oct.-27,,224.85
8,REGIE,Departamentul Sala Palatului,GAS EXPERT SRL,Ion Câmpineanu nr. 28 Sector 1,7.65,,închiriere,licitație publică,07-sept.-22,02-oct.-27,,79.65
9,REGIE,Departamentul Sala Palatului,MARBLE HALL EVENTS SRL,Ion Câmpineanu nr. 28 Sector 1,"1.211,02 mp formată din 172,66 mp hol parter și 1.038,36 mp subsol",,închiriere,licitație publică,01-apr.-25,01-apr.-28,,"10,903.00"
10,REGIE,Departamentul Sala Palatului,CORUL NAȚIONAL DE CAMERĂ “MADRIGAL – MARIN CONSTANTIN”,Ion Câmpineanu nr. 28 Sector 1,17.95,,închiriere,licitație publică,07-sept.-22,02-oct.-27,,186.68
11,REGIE,Departamentul Sala Palatului,MAMBA EVENTS SRL,Ion Câmpineanu nr. 28 Sector 1,19.16,,închiriere,licitație publică,09-ian.-24,09-feb.-27,,150.00
12,REGIE,Departamentul Sala Palatului,TOUR MISSION SRL,Ion Câmpineanu nr. 28 Sector 1,26.35,,închiriere,licitație publică,16-nov.-22,02-oct.-27,,274.04
13,REGIE,Departamentul Sala Palatului,MABEL CONCERT SRL,Ion Câmpineanu nr. 28 Sector 1,54.62,,închiriere,licitație publică,07-sept.-22,02-oct.-27,,568.05
14,REGIE,Departamentul Sala Palatului,CORUL NAȚIONAL DE CAMERĂ “MADRIGAL – MARIN CONSTANTIN”,Ion Câmpineanu nr. 28 Sector 1,75,,închiriere,licitație publică,07-sept.-22,02-oct.-27,,780.00
15,REGIE,Departamentul Sala Palatului,SPHERE GLOBAL SRL,Ion Câmpineanu nr. 28 Sector 1,13.34,,închiriere,licitație publică,04-oct.-22,02-oct.-27,,138.74
16,REGIE,Departamentul Sala Palatului,SPHERE GLOBAL SRL,Ion Câmpineanu nr. 28 Sector 1,8.64,,închiriere,licitație publică,04-oct.-22,02-oct.-27,,89.96
17,REGIE,Departamentul Sala Palatului,SPHERE GLOBAL SRL,Ion Câmpineanu nr. 28 Sector 1,13.34,,închiriere,licitație publică,04-oct.-22,02-oct.-27,,138.74
18,REGIE,Departamentul Sala Palatului,SPHERE GLOBAL SRL,Ion Câmpineanu nr. 28 Sector 1,13.34,,închiriere,licitație publică,04-oct.-22,02-oct.-27,,138.74
,REGIE,Departamentul Sala Palatului,FORWARD MEDIA & ADVERTISING SRL,Ion Câmpineanu nr. 28 Sector 1,13.34,,închiriere,licitație publică,04-oct.-22,02-oct.-27,,138.74
20,REGIE,Departamentul Sala Palatului,CONT-IMOB C.I.C. SRL,Ion Câmpineanu nr. 28 Sector 1,13.34,,închiriere,licitație publică,04-oct.-22,02-oct.-27,,138.74
21,REGIE,Departamentul Sala Palatului,FORWARD MEDIA & ADVERTISING SRL,Ion Câmpineanu nr. 28 Sector 1,13.34,,închiriere,licitație publică,04-oct.-22,02-oct.-27,,138.74
22,REGIE,Departamentul Sala Palatului,OFFICE MARKETING EVENTS SRL,Ion Câmpineanu nr. 28 Sector 1,9.69,,închiriere,licitație publică,04-oct.-22,02-oct.-27,,100.78
23,REGIE,Departamentul Sala Palatului,FORWARD MEDIA & ADVERTISING SRL,Ion Câmpineanu nr. 28 Sector 1,5.56,,închiriere,licitație publică,04-oct.-22,02-oct.-27,,57.82
1,REGIE,Departamentul Scrovistea,S.C. TELEKOM ROMANIA MOBILE COMMUNICATIONS S.A.,"Complex Scroviștea, șos. București-Ploiești, km. 32, comuna Ciolpani, județ Ilfov",10,,închiriere,licitație publică,28-sept.-23,28-sept.-28,,200.00
2,REGIE,Departamentul Scrovistea,S.C. ORANGE ROMANIA S.A.,"Complex Scroviștea, șos. București-Ploiești, km. 32, comuna Ciolpani, județ Ilfov",10,,închiriere,licitație publică,27-nov.-23,27-nov.-28,,200.00
3,REGIE,Departamentul Scrovistea,S.C. DIGI ROMANIA S.A.,"Complex Scroviștea, șos. București-Ploiești, km. 32, comuna Ciolpani, județ Ilfov",4,,închiriere,licitație publică,17-iun.-24,17-iun.-29,,100.00
4,REGIE,Departamentul Scrovistea,S.C. VODAFONE ROMANIA S.A.,"Complex Scroviștea, șos. București-Ploiești, km. 32, comuna Ciolpani, județ Ilfov",20,,închiriere,licitație publică,24-dec.-24,24-dec.-29,,400.00
