nr_crt,sucursala,departament,adresa_imobil,constructie_mp,teren_mp,modalitate_atribuire,data_inceput,data_incetare,pret_ron,pret_eur
1,SUCURSALA PENTRU ADMINISTRAREA SI INTRETINEREA FONDULUI IMOBILIAR,,"str. Ardeleni nr. 1, et.4, ap.18 sector 2, Bucureşti",65.69,,atribuire directa,24-Aug-2006,Până la soluţionarea situaţiei locative,0.00,355.81
2,SUCURSALA PENTRU ADMINISTRAREA SI INTRETINEREA FONDULUI IMOBILIAR,,"str. Arghezi Tudor nr. 32, et.2, ap.14, sector 2, Bucureşti",137.06,,atribuire directa,4-Feb-1988,Nedeterminat conform HG 39/1996,0 . 0 0,1147.04
3,SUCURSALA PENTRU ADMINISTRAREA SI INTRETINEREA FONDULUI IMOBILIAR,,"str.Atena nr.7, et.2, ap.5",93.63,,atribuire directa,13-Jul-2004,Nedeterminat,"0,00 conform Legii 448/2006",0.00
4,SUCURSALA PENTRU ADMINISTRAREA SI INTRETINEREA FONDULUI IMOBILIAR,,"b-dul Aviatorilor nr. 70, P., ap.1, sector 1, Bucureşti - teren sub construcție -",0.00,48.00,atribuire directa,28-May-2007,Nedeterminat,0.00,96
5,SUCURSALA PENTRU ADMINISTRAREA SI INTRETINEREA FONDULUI IMOBILIAR,,"str. Braziliei nr. 7, et.1, ap.2, sector 1, Bucureşti - teren sub construcție -",0.00,50.00,atribuire directa,12-Jul-2010,Nedeterminat,0.00,100
6,SUCURSALA PENTRU ADMINISTRAREA SI INTRETINEREA FONDULUI IMOBILIAR,,"str. Brezoianu nr. 10, et.4, ap.8, sector 5, Bucureşti",92.85,,atribuire directa,6-Jul-2023,1-Jul-2026,1369.20,1155.98
7,SUCURSALA PENTRU ADMINISTRAREA SI INTRETINEREA FONDULUI IMOBILIAR,,"str. Constantin Severeanu nr. 36, s. 6, sector 1, Bucureşti - teren sub construcție -",0.00,110.00,atribuire directa,30-Mar-2005,Nedeterminat,0.00,220
8,SUCURSALA PENTRU ADMINISTRAREA SI INTRETINEREA FONDULUI IMOBILIAR,,"str. Constantinescu Alexandru nr. 46-48, et.2, ap. 9, sector 1, Bucureşti",119.79,,atribuire directa,17-Nov-23,16-Nov-26,769.78,856.50
9,SUCURSALA PENTRU ADMINISTRAREA SI INTRETINEREA FONDULUI IMOBILIAR,,"b-dul Dacia nr. 55, et.1, ap.4, sector 1, Bucureşti",81.02,,atribuire directa,7-Jun-2025,30-Jun-2026,934.76,358.92
10,SUCURSALA PENTRU ADMINISTRAREA SI INTRETINEREA FONDULUI IMOBILIAR,,"b-dul Dacia nr. 55, et.3, ap.8, sector 1, Bucureşti",79.12,,atribuire directa,29-Nov-07,Până la soluţionarea situaţiei locative,0.00,382.23
11,SUCURSALA PENTRU ADMINISTRAREA SI INTRETINEREA FONDULUI IMOBILIAR,,"b-dul Dacia nr. 55, et.4, ap.9, sector 1, Bucureşti","67,52",,atribuire directa,12-May-2026,11-Aug-2026,1063.17,0.00
12,SUCURSALA PENTRU ADMINISTRAREA SI INTRETINEREA FONDULUI IMOBILIAR,,"b-dul Dacia nr. 55, et.4, ap.10, sector 1, Bucureşti",78.57,,atribuire directa,21-Oct-2004,Până la soluţionarea situaţiei locative,0.00,387.46
13,SUCURSALA PENTRU ADMINISTRAREA SI INTRETINEREA FONDULUI IMOBILIAR,,"b-dul Dacia nr. 55, et.6, ap.13, sector 1, Bucureşti",68.76,,atribuire directa,6-Jun-2017,Până la soluţionarea situaţiei locative,0.00,273.17
14,SUCURSALA PENTRU ADMINISTRAREA SI INTRETINEREA FONDULUI IMOBILIAR,,"bdul. Dacia nr. 79 sector 2, Bucureşti",54.43,,licitație,19-Aug-2021,18-Aug-2026,0.00,740.52
15,SUCURSALA PENTRU ADMINISTRAREA SI INTRETINEREA FONDULUI IMOBILIAR,,"Calea Dorobanţilor nr.87, et. 1, ap. 1 sector 1, Bucureşti",127.01,,atribuire directa,9-Aug-2023,29-Aug-2026,1772.01,734.12
16,SUCURSALA PENTRU ADMINISTRAREA SI INTRETINEREA FONDULUI IMOBILIAR,,"str. Drobeta nr. 4-10, et. 1, ap. 5 sector 2, Bucureşti","103,58",,atribuire directa,21-Dec-2018,24-Jan-2027,483.58,387.39
17,SUCURSALA PENTRU ADMINISTRAREA SI INTRETINEREA FONDULUI IMOBILIAR,,"str. Drobeta nr. 4-10, et.1, ap.7, sector 2, Bucureşti",97.72,,atribuire directa,9-Jun-2016,15-Nov-2026,1693.22,"359,61"
18,SUCURSALA PENTRU ADMINISTRAREA SI INTRETINEREA FONDULUI IMOBILIAR,,"str. Drobeta nr. 4-10, et.1, ap.8, sector 2, Bucureşti",100.63,,atribuire directa,21-Aug-2025,20-Aug-2026,456.70,370.32
19,SUCURSALA PENTRU ADMINISTRAREA SI INTRETINEREA FONDULUI IMOBILIAR,,"str. Drobeta nr. 4-10, et.2, ap.9, sector 2, Bucureşti",100.35,,atribuire directa,12-Aug-2025,26-Apr-2027,836.32,369.29
20,SUCURSALA PENTRU ADMINISTRAREA SI INTRETINEREA FONDULUI IMOBILIAR,,"str. Drobeta nr. 4-10, et.2, ap.11, sector 2, Bucureşti",100.79,,atribuire directa,24-Nov-2020,7-Feb-2027,359.30,373.93
21,SUCURSALA PENTRU ADMINISTRAREA SI INTRETINEREA FONDULUI IMOBILIAR,,"str. Drobeta nr. 4-10, et.2, ap.12, sector 2, Bucureşti",97.18,,atribuire directa,3-Jul-2025,18-Dec-2028,1787.09,"394,55"
22,SUCURSALA PENTRU ADMINISTRAREA SI INTRETINEREA FONDULUI IMOBILIAR,,"str. Drobeta nr. 4-10, et.3, ap.13, sector 2, Bucureşti",108.90,,atribuire directa,30-Jan-2020,19-Mar-2027,657.61,386.59
23,SUCURSALA PENTRU ADMINISTRAREA SI INTRETINEREA FONDULUI IMOBILIAR,,"str. Drobeta nr. 4-10, et.3, ap.14, sector 2, Bucureşti",123.38,,atribuire directa,1-Sep-2025,31-Aug-2026,860.02,478.71
24,SUCURSALA PENTRU ADMINISTRAREA SI INTRETINEREA FONDULUI IMOBILIAR,,"str. Drobeta nr. 4-10, et. 3, ap. 16 sector 2, Bucureşti",97.18,,atribuire directa,3-Dec-2024,2-Dec-2026,1629.35,463.55
25,SUCURSALA PENTRU ADMINISTRAREA SI INTRETINEREA FONDULUI IMOBILIAR,,"str. Drobeta nr. 13, p, ap 1, sector 2, Bucureşti",88.18,,atribuire directa,12-Nov-2025,11-Nov-2026,448.60,344.78
26,SUCURSALA PENTRU ADMINISTRAREA SI INTRETINEREA FONDULUI IMOBILIAR,,"str. Drobeta nr. 13, p, ap 2, sector 2, Bucureşti",37.78,,atribuire directa,1-Jul-2018,Până la soluţionarea situaţiei locative,0.00,147.34
27,SUCURSALA PENTRU ADMINISTRAREA SI INTRETINEREA FONDULUI IMOBILIAR,,"str. Drobeta nr. 13, et 1, ap 5, sector 2, Bucureşti",47.59,,atribuire directa,15-Dec-2007,Până la soluţionarea situaţiei locative,0.00,146.58
28,SUCURSALA PENTRU ADMINISTRAREA SI INTRETINEREA FONDULUI IMOBILIAR,,"Str. Drobeta nr.13, etaj 1, ap.6, sector 2, București","87,36",,atribuire directa,20-Nov-2024,19-Nov-2026,702.53,304.89
29,SUCURSALA PENTRU ADMINISTRAREA SI INTRETINEREA FONDULUI IMOBILIAR,,"str. Drobeta nr. 13, et 2, ap 7, sector 2, Bucureşti",86.61,,atribuire directa,1-Feb-2012,Până la soluţionarea situaţiei locative,0.00,290.14
30,SUCURSALA PENTRU ADMINISTRAREA SI INTRETINEREA FONDULUI IMOBILIAR,,"str. Drobeta nr. 13, et. 2, ap. 8, sector 2, Bucureşti",76.87,,atribuire directa,25-Aug-2008,Până la soluţionarea situaţiei locative,0.00,267.51
31,SUCURSALA PENTRU ADMINISTRAREA SI INTRETINEREA FONDULUI IMOBILIAR,,"str. Drobeta nr. 13, et. 2, ap. 9, sector 2, Bucureşti",113.09,,atribuire directa,31-Jul-2025,30-Jul-2026,836.32,419.56
32,SUCURSALA PENTRU ADMINISTRAREA SI INTRETINEREA FONDULUI IMOBILIAR,,"str. Eminescu Mihai nr. 82-88, sc.2, et.3, ap.24, sector 2, Bucureşti",146.31,,atribuire directa,6-Aug-2025,5-Aug-2026,2232.17,503.31
33,SUCURSALA PENTRU ADMINISTRAREA SI INTRETINEREA FONDULUI IMOBILIAR,,"str. Eminescu Mihai nr. 82-88, sc.2, et.5, ap.27, sector 2, Bucureşti",116.03,,atribuire directa,13-Aug-2025,12-Aug-2026,1135.81,370.14
34,SUCURSALA PENTRU ADMINISTRAREA SI INTRETINEREA FONDULUI IMOBILIAR,,"str. Eminescu Mihai nr. 82-88, sc.2, et.5, ap.28, sector 2, Bucureşti",141.76,,atribuire directa,31-Oct-2024,30-Apr-2027,3089.22,646.43
35,SUCURSALA PENTRU ADMINISTRAREA SI INTRETINEREA FONDULUI IMOBILIAR,,"str. Eminescu Mihai nr.124, sc.A, P., ap.1, sector 2, Bucureşti",64.77,,atribuire directa,22-Oct-2025,21-Oct-2026,460.26,"238,35"
36,SUCURSALA PENTRU ADMINISTRAREA SI INTRETINEREA FONDULUI IMOBILIAR,,"str. Eminescu Mihai nr. 124, sc. A, et. 2, ap. 6 sector 2, Bucureşti",187.31,,atribuire directa,24-Sep-2020,11-Aug-2026,518.50,"543,20"
37,SUCURSALA PENTRU ADMINISTRAREA SI INTRETINEREA FONDULUI IMOBILIAR,,"str. Eminescu Mihai nr.124, sc.A, et.2, ap.7, sector 2, Bucureşti",198.94,,atribuire directa,21-Sep-2023,26-Sep-2026,1471.46,"644,57"
38,SUCURSALA PENTRU ADMINISTRAREA SI INTRETINEREA FONDULUI IMOBILIAR,,"str. Eminescu Mihai nr.124, sc.A, et.4, ap.11, sector 2, Bucureşti",195.18,,atribuire directa,21-Apr-2026,22-Jun-2026,6182.39,0.00
39,SUCURSALA PENTRU ADMINISTRAREA SI INTRETINEREA FONDULUI IMOBILIAR,,"str. Eminescu Mihai nr.124, sc.A, et.5, ap.13, sector 2, Bucureşti",196.68,,atribuire directa,29-Nov-2018,pe perioada mandalui,1660.88,"619,54"
40,SUCURSALA PENTRU ADMINISTRAREA SI INTRETINEREA FONDULUI IMOBILIAR,,"str. Eminescu Mihai nr.124, sc.A, et.6, ap.14, sector 2, Bucureşti",195.14,,atribuire directa,22-Jan-2025,în procedură de eliberare,2656.26,788.37
41,SUCURSALA PENTRU ADMINISTRAREA SI INTRETINEREA FONDULUI IMOBILIAR,,"str. Eminescu Mihai nr.124, sc.A, et.7, ap.16, sector 2, Bucureşti",130.50,,atribuire directa,18-Jan-2021,17-Jan-2027,401.03,"217,28"
42,SUCURSALA PENTRU ADMINISTRAREA SI INTRETINEREA FONDULUI IMOBILIAR,,"str. Eminescu Mihai nr.124, sc.A, et.7, ap.16, sector 2, Bucureşti",130.50,,atribuire directa,26-Jan-2017,25-Jan-2027,401.03,"217,28"
43,SUCURSALA PENTRU ADMINISTRAREA SI INTRETINEREA FONDULUI IMOBILIAR,,"str. Eminescu Mihai nr.124, sc.B1, P., ap. 1, sector 2, Bucureşti",116.51,,atribuire directa,14-Feb-2017,pe perioada mandatului,468.84,"360,02"
44,SUCURSALA PENTRU ADMINISTRAREA SI INTRETINEREA FONDULUI IMOBILIAR,,"str. Eminescu Mihai nr.124, sc.B1, P., ap. 2, sector 2, Bucureşti",114.89,,atribuire directa,15-Jan-2026,14-Jan-2027,1942.55,"360,75"
45,SUCURSALA PENTRU ADMINISTRAREA SI INTRETINEREA FONDULUI IMOBILIAR,,"str. Eminescu Mihai nr.124, sc.B1, et.1, ap. 3, sector 2, Bucureşti",106.21,,atribuire directa,8-Jan-2018,7-Jan-2027,421.81,"352,62"
46,SUCURSALA PENTRU ADMINISTRAREA SI INTRETINEREA FONDULUI IMOBILIAR,,"str. Eminescu Mihai nr.124, sc.B1, et.1, ap. 4, sector 2, Bucureşti",147.00,,atribuire directa,1-Aug-2024,în procedură de eliberare,1741.24,561.22
47,SUCURSALA PENTRU ADMINISTRAREA SI INTRETINEREA FONDULUI IMOBILIAR,,"str. Eminescu Mihai nr.124, sc.B1, et.2, ap. 6, sector 2, Bucureşti",160.79,,atribuire directa,18-Jul-2020,17-Jul-2026,464.76,"461,47"
48,SUCURSALA PENTRU ADMINISTRAREA SI INTRETINEREA FONDULUI IMOBILIAR,,"str. Eminescu Mihai nr.124, sc.B1, et.3, ap. 7, sector 2, Bucureşti",111.71,,atribuire directa,22-Oct-2025,21-Oct-2026,2652.09,"370,88"
49,SUCURSALA PENTRU ADMINISTRAREA SI INTRETINEREA FONDULUI IMOBILIAR,,"str. Eminescu Mihai nr.124, sc.B1, et.3, ap. 8, sector 2, Bucureşti",138.55,,atribuire directa,18-Aug-2016,17-Aug-2026,776.09,"389,33"
50,SUCURSALA PENTRU ADMINISTRAREA SI INTRETINEREA FONDULUI IMOBILIAR,,"str. Eminescu Mihai nr.124, sc.B1, et.4, ap. 9, sector 2, Bucureşti",106.21,,atribuire directa,22-Dec-2020,12-Feb-2027,695.24,"352,62"
51,SUCURSALA PENTRU ADMINISTRAREA SI INTRETINEREA FONDULUI IMOBILIAR,,"str. Eminescu Mihai nr.124, sc.B1, et.4, ap.10, sector 2, Bucureşti",154.88,,atribuire directa,22-May-2020,15-Jul-2026,833.37,"446,05"
52,SUCURSALA PENTRU ADMINISTRAREA SI INTRETINEREA FONDULUI IMOBILIAR,,"str. Eminescu Mihai nr.124, sc.B1, et.5, ap.11, sector 2, Bucureşti",115.53,,atribuire directa,21-Apr-2021,22-Apr-2027,553.28,"358,14"
53,SUCURSALA PENTRU ADMINISTRAREA SI INTRETINEREA FONDULUI IMOBILIAR,,"str. Eminescu Mihai nr.124, sc.B1, et.5, ap.12, sector 2, Bucureşti",149.80,,atribuire directa,6-Jun-2017,pe perioada mandatului,417.35,562.68
54,SUCURSALA PENTRU ADMINISTRAREA SI INTRETINEREA FONDULUI IMOBILIAR,,"str. Eminescu Mihai nr.124, sc.B1, et.6, ap.13, sector 2, Bucureşti",144.82,,atribuire directa,17-Jan-2012,17-Jun-2026,668.49,"406,94"
55,SUCURSALA PENTRU ADMINISTRAREA SI INTRETINEREA FONDULUI IMOBILIAR,,"str. Eminescu Mihai nr.124, sc.B1, et.6, ap.14, sector 2, Bucureşti",146.56,,atribuire directa,24-Oct-2024,23-Oct-2026,1325.02,"461,66"
56,SUCURSALA PENTRU ADMINISTRAREA SI INTRETINEREA FONDULUI IMOBILIAR,,"str. Eminescu Mihai nr. 124, sc. B2, parter, ap. 1, sector 2, Bucureşti",98.89,,atribuire directa,12-Mar-2025,12-Mar-2027,862.39,328.31
57,SUCURSALA PENTRU ADMINISTRAREA SI INTRETINEREA FONDULUI IMOBILIAR,,"str. Eminescu Mihai nr.124, sc.B2, P., ap.2, sector 2, Bucureşti",102.18,,atribuire directa,14-Apr-2025,pe perioada mandatului,1850.48,329.02
58,SUCURSALA PENTRU ADMINISTRAREA SI INTRETINEREA FONDULUI IMOBILIAR,,"str. Eminescu Mihai nr.124, sc.B2, et.1, ap.4, sector 2, Bucureşti",139.24,,atribuire directa,3-Sep-2020,2-Sep-2026,586.40,391.26
59,SUCURSALA PENTRU ADMINISTRAREA SI INTRETINEREA FONDULUI IMOBILIAR,,"str. Eminescu Mihai nr.124, sc.B2, et.1, ap.5, sector 2, Bucureşti",145.85,,atribuire directa,15-Jan-2026,14-Jan-2027,3381.94,421.51
60,SUCURSALA PENTRU ADMINISTRAREA SI INTRETINEREA FONDULUI IMOBILIAR,,"str. Eminescu Mihai nr.124, sc.B2, et.2, ap.7, sector 2, Bucureşti",140.42,,atribuire directa,11-Dec-2025,10-Dec-2026,3112.77,"395,98"
61,SUCURSALA PENTRU ADMINISTRAREA SI INTRETINEREA FONDULUI IMOBILIAR,,"str. Eminescu Mihai nr.124, sc.B2, et.2, ap.8, sector 2, Bucureşti",147.30,,atribuire directa,27-May-2025,pe perioada mandatului,1714.94,625.86
62,SUCURSALA PENTRU ADMINISTRAREA SI INTRETINEREA FONDULUI IMOBILIAR,,"str. Eminescu Mihai nr.124, sc.B2, et.3, ap. 9, sector 2, Bucureşti",104.48,,atribuire directa,29-Apr-2026,28-Apr-2027,2999.61,478.52
63,SUCURSALA PENTRU ADMINISTRAREA SI INTRETINEREA FONDULUI IMOBILIAR,,"str. Eminescu Mihai nr.124, sc.B2, et.3, ap.10, sector 2, Bucureşti",140.46,,atribuire directa,23-Nov-2023,în procedură de eliberare,1636.76,394.68
64,SUCURSALA PENTRU ADMINISTRAREA SI INTRETINEREA FONDULUI IMOBILIAR,,"str. Eminescu Mihai nr.124, sc.B2, et.3, ap.11, sector 2, Bucureşti",142.32,,atribuire directa,1-Dec-2023,30-Nov-2026,1885.47,518.04
65,SUCURSALA PENTRU ADMINISTRAREA SI INTRETINEREA FONDULUI IMOBILIAR,,"str. Eminescu Mihai nr.124, sc.B2, et.4, ap.12, sector 2, Bucureşti",125.53,,atribuire directa,27-Jun-2025,26-Jun-2026,787.27,352.74
66,SUCURSALA PENTRU ADMINISTRAREA SI INTRETINEREA FONDULUI IMOBILIAR,,"str. Eminescu Mihai nr.124, sc.B2, et.4, ap.13, sector 2, Bucureşti",158.30,,atribuire directa,18-Oct-2021,2-Jul-2026,1019.07,444.82
67,SUCURSALA PENTRU ADMINISTRAREA SI INTRETINEREA FONDULUI IMOBILIAR,,"str. Eminescu Mihai nr.124, sc.B2, et.4, ap.14, sector 2, Bucureşti",134.60,,atribuire directa,1-Apr-2021,24-May-2027,1862.94,430.72
68,SUCURSALA PENTRU ADMINISTRAREA SI INTRETINEREA FONDULUI IMOBILIAR,,"str. Eminescu Mihai nr.124, sc.B2, et.5, ap.15, sector 2, Bucureşti",104.76,,atribuire directa,17-Oct-2024,16-Oct-2026,1878.95,436.85
69,SUCURSALA PENTRU ADMINISTRAREA SI INTRETINEREA FONDULUI IMOBILIAR,,"str. Eminescu Mihai nr. 124, sc.B2, et. 5, ap. 17 sector 2, Bucureşti",141.55,,atribuire directa,29-Jan-2026,28-Jan-2027,2581.89,"430,31"
70,SUCURSALA PENTRU ADMINISTRAREA SI INTRETINEREA FONDULUI IMOBILIAR,,"str. Eminescu Mihai nr.124, sc.B2, et.6, ap.19, sector 2, Bucureşti",140.88,,atribuire directa,9-Nov-2021,7-Nov-2026,467.70,397.28
71,SUCURSALA PENTRU ADMINISTRAREA SI INTRETINEREA FONDULUI IMOBILIAR,,"str. Eminescu Mihai nr.124, sc.B2, et.7, ap.21, sector 2, Bucureşti",120.02,,atribuire directa,16-Oct-2017,16-Oct-2026,932.10,381.66
72,SUCURSALA PENTRU ADMINISTRAREA SI INTRETINEREA FONDULUI IMOBILIAR,,"str. Eminescu Mihai nr.124, sc.B2, et.7, ap.22, sector 2, Bucureşti",154.38,,atribuire directa,18-Jan-2024,27-Jul-2026,1709.52,521.80
73,SUCURSALA PENTRU ADMINISTRAREA SI INTRETINEREA FONDULUI IMOBILIAR,,"str. Eminescu Mihai nr.124, sc.C, P., ap.2, sector 2, Bucureşti",150.09,,atribuire directa,13-Apr-2022,12-Apr-2027,1431.87,472.78
74,SUCURSALA PENTRU ADMINISTRAREA SI INTRETINEREA FONDULUI IMOBILIAR,,"str. Eminescu Mihai nr.124, sc.C, et.1, ap.3, sector 2, Bucureşti",124.35,,atribuire directa,26-Apr-2024,25-Apr-2027,1869.72,"516,05"
75,SUCURSALA PENTRU ADMINISTRAREA SI INTRETINEREA FONDULUI IMOBILIAR,,"str. Eminescu Mihai nr.124, sc.C, et.1, ap.4, sector 2, Bucureşti",185.52,,atribuire directa,29-Jan-2026,28-Jan-2027,2791.60,"712,40"
76,SUCURSALA PENTRU ADMINISTRAREA SI INTRETINEREA FONDULUI IMOBILIAR,,"str. Eminescu Mihai nr.124, sc.C, et.2, ap.5, sector 2, Bucureşti",124.77,,atribuire directa,8-Oct-2025,7-Oct-2026,3273.34,"500,33"
77,SUCURSALA PENTRU ADMINISTRAREA SI INTRETINEREA FONDULUI IMOBILIAR,,"str.Eminescu Mihai nr.124, sc.C, et.2, ap.6, sector 2, Bucureşti",172.49,,atribuire directa,15-Jan-2026,15-Jan-2027,3303.36,"762,41"
78,SUCURSALA PENTRU ADMINISTRAREA SI INTRETINEREA FONDULUI IMOBILIAR,,"str. Eminescu Mihai nr.124, sc.C, et.3, ap.7, sector 2, Bucureşti",143.75,,atribuire directa,1-May-2012,pe perioada mandatului,1487.80,0.00
79,SUCURSALA PENTRU ADMINISTRAREA SI INTRETINEREA FONDULUI IMOBILIAR,,"str. Eminescu Mihai nr.124, sc.C, et. 3, ap. 8, sector 2, Bucureşti",188.17,,atribuire directa,5-Sep-2019,7-Jul-2026,735.49,"592,74"
80,SUCURSALA PENTRU ADMINISTRAREA SI INTRETINEREA FONDULUI IMOBILIAR,,"str. Eminescu Mihai nr.124, sc.C, et.4, ap.9, sector 2, Bucureşti",149.74,,atribuire directa,23-Apr-2024,22-Apr-2027,1169.37,"642,38"
81,SUCURSALA PENTRU ADMINISTRAREA SI INTRETINEREA FONDULUI IMOBILIAR,,"str. Eminescu Mihai nr. 124, sc. C, et. 4, ap. 10, sector 2, Bucureşti",185.84,,atribuire directa,21-Jan-2025,8-Apr-2027,1759.99,"611,41"
82,SUCURSALA PENTRU ADMINISTRAREA SI INTRETINEREA FONDULUI IMOBILIAR,,"str. Eminescu Mihai nr.124, sc.C, et.5, ap.11, sector 2, Bucureşti",130.67,,atribuire directa,13-Aug-2025,31-Oct-2026,3135.56,"501,77"
83,SUCURSALA PENTRU ADMINISTRAREA SI INTRETINEREA FONDULUI IMOBILIAR,,"str. Eminescu Mihai nr.124, sc.C, et.5, ap.12, sector 2, Bucureşti",206.85,,atribuire directa,1-Sep-2004,pe perioada mandatului,1318.69,0.00
84,SUCURSALA PENTRU ADMINISTRAREA SI INTRETINEREA FONDULUI IMOBILIAR,,"str. Eminescu Mihai nr.124, sc.C, et.6, ap.13, sector 2,",125.38,,atribuire directa,22-Apr-2015,18-Jan-2027,460.67,"416,26"
85,SUCURSALA PENTRU ADMINISTRAREA SI INTRETINEREA FONDULUI IMOBILIAR,,"str. Eminescu Mihai nr.124, sc.C, et.6, ap.14, sector 2, Bucureşti",182.99,,atribuire directa,20-Sep-2024,30-Jun-2026,1135.16,"717,32"
86,SUCURSALA PENTRU ADMINISTRAREA SI INTRETINEREA FONDULUI IMOBILIAR,,"str. Eminescu Mihai nr.124, sc.C, et.7, ap.15, sector 2, Bucureşti",176.69,,atribuire directa/folosință fără titlu,11-Jan-2022,In procedura de evacuare,1263.62,524.66
87,SUCURSALA PENTRU ADMINISTRAREA SI INTRETINEREA FONDULUI IMOBILIAR,,"str. Eminescu Mihai nr.124, sc.C, et.8, ap.16, sector 2, Bucureşti",144.67,,atribuire directa,27-Mar-2025,26-Mar-2027,5323.51,0.00
88,SUCURSALA PENTRU ADMINISTRAREA SI INTRETINEREA FONDULUI IMOBILIAR,,"Bdul. M. Eliade nr. 113, sector 1, Bucuresti",0.00,329.00,servitute de trecere,16-Jun-2025,15-Jun-1930,0.00,204.25
89,SUCURSALA PENTRU ADMINISTRAREA SI INTRETINEREA FONDULUI IMOBILIAR,,"str. Fluierului nr. 17D, P., ap.1, sector 2, Bucureşti - teren sub construcție -",0.00,10.88,atribuire directa,12-Dec-2000,Nedeterminat,0.00,"21,76"
90,SUCURSALA PENTRU ADMINISTRAREA SI INTRETINEREA FONDULUI IMOBILIAR,,"str. Herăstrău nr. 40, sector 1, Bucureşti",164.01,,atribuire directa,2-Mar-2022,în procedură de eliberare,0.00,862.69
91,SUCURSALA PENTRU ADMINISTRAREA SI INTRETINEREA FONDULUI IMOBILIAR,,"b-dul Iancu de Hunedoara nr. 66, et. 3, ap. 42, sector 1, Bucureşti",67.14,,atribuire directa,21-Feb-2013,Până la soluţionarea situaţiei locative,0.00,"298,10"
92,SUCURSALA PENTRU ADMINISTRAREA SI INTRETINEREA FONDULUI IMOBILIAR,,"b-dul Iancu de Hunedoara nr. 66, et. 5, ap. 49, sector 1, Bucureşti",67.82,,atribuire directa,17-Mar-2017,Până la soluţionarea situaţiei locative,0.00,"332,32"
93,SUCURSALA PENTRU ADMINISTRAREA SI INTRETINEREA FONDULUI IMOBILIAR,,"b-dul Iancu de Hunedoara nr. 66, et. 6, ap. 51, sector 1, Bucureşti",66.55,,atribuire directa,11-Jan-2018,Până la soluţionarea situaţiei locative,0.00,"206,31"
94,SUCURSALA PENTRU ADMINISTRAREA SI INTRETINEREA FONDULUI IMOBILIAR,,"b-dul Iancu de Hunedoara nr. 66, et. 8, ap.59, sector 1, Bucureşti",81.55,,atribuire directa,8-Dec-2021,7-Dec-2026,401.55,"388,18"
95,SUCURSALA PENTRU ADMINISTRAREA SI INTRETINEREA FONDULUI IMOBILIAR,,"b-dul Iancu de Hunedoara nr. 66, et. 9, ap.60 sector 1, Bucureşti",69.82,,atribuire directa,1-Apr-2011,Până la soluţionarea situaţiei locative,0.00,"316,98"
96,SUCURSALA PENTRU ADMINISTRAREA SI INTRETINEREA FONDULUI IMOBILIAR,,"b-dul Iancu de Hunedoara nr. 66, et.10, ap.63, sector 1, Bucureşti",39.76,,atribuire directa,1-Apr-2011,Până la soluţionarea situaţiei locative,0.00,"93,04"
97,SUCURSALA PENTRU ADMINISTRAREA SI INTRETINEREA FONDULUI IMOBILIAR,,"str. Icoanei nr. 110, parter, ap. 1 sector 2, Bucureşti",77.90,,atribuire directa,4-Sep-2025,29-Oct-2026,453.12,700.32
98,SUCURSALA PENTRU ADMINISTRAREA SI INTRETINEREA FONDULUI IMOBILIAR,,"str. Icoanei nr. 110, et. 1, ap. 5, sector 2, Bucureşti",70.62,,atribuire directa,22-Sep-2015,pe perioada mandatului,335.03,635.58
99,SUCURSALA PENTRU ADMINISTRAREA SI INTRETINEREA FONDULUI IMOBILIAR,,"str. Icoanei nr. 110, et. 1, ap. 6 sector 2, Bucureşti",98.85,,atribuire directa,15-Sep-2023,7-Jul-2026,475.00,849.12
100,SUCURSALA PENTRU ADMINISTRAREA SI INTRETINEREA FONDULUI IMOBILIAR,,"str. Icoanei nr. 110, et. 3, ap. 12 sector 2, Bucureşti",98.85,,atribuire directa,31-Aug-2023,18-Apr-2028,657.50,537.77
101,SUCURSALA PENTRU ADMINISTRAREA SI INTRETINEREA FONDULUI IMOBILIAR,,"str. Icoanei nr. 110, et. 5, ap.17, sector 2, Bucureşti",70.62,,atribuire directa,2-Jul-2004,Nedeterminat,0.00,334.74
102,SUCURSALA PENTRU ADMINISTRAREA SI INTRETINEREA FONDULUI IMOBILIAR,,"str. Icoanei nr. 110, et. 6, ap.21 sector 2, Bucureşti",98.85,,atribuire directa,9-Feb-2023,8-Feb-2027,1101.76,447.79
103,SUCURSALA PENTRU ADMINISTRAREA SI INTRETINEREA FONDULUI IMOBILIAR,,"str. Icoanei nr.110, et.7, ap.22, sector 2, Bucuresti",77.90,,atribuire directa,24-Feb-2022,25-Feb-2027,311.12,403.52
104,SUCURSALA PENTRU ADMINISTRAREA SI INTRETINEREA FONDULUI IMOBILIAR,,"Şos. Kiseleff P. Dimitrievici nr. 20 / LP. 9 &10, sector 1, Bucureşti",loc parcare,,licitație,26-Aug-2021,25-Aug-2026,0.00,171.82
105,SUCURSALA PENTRU ADMINISTRAREA SI INTRETINEREA FONDULUI IMOBILIAR,,"Şos. Kiseleff P. Dimitrievici nr. 20 / LP. 11, sector 1, Bucureşti",loc parcare,,licitație,27-Aug-2021,26-Aug-2026,0.00,85.91
106,SUCURSALA PENTRU ADMINISTRAREA SI INTRETINEREA FONDULUI IMOBILIAR,,"Şos. Kiseleff P. Dimitrievici nr. 20 / LP. 12, sector 1, Bucureşti",loc parcare,,licitație,28-Aug-2021,27-Aug-2026,0.00,85.91
107,SUCURSALA PENTRU ADMINISTRAREA SI INTRETINEREA FONDULUI IMOBILIAR,,"Şos. Kiseleff P. Dimitrievici nr. 20 / LP. 13, sector 1, Bucureşti",loc parcare,,licitație,29-Aug-2021,28-Aug-2026,0.00,85.91
108,SUCURSALA PENTRU ADMINISTRAREA SI INTRETINEREA FONDULUI IMOBILIAR,,"şos. Kiseleff Pavel Dimitrievici nr. 22, P., ap.1, sector 1, Bucureşti",218.97,,atribuire directa,3-May-1990,Nedeterminat conform HG 39/1996,0.00,2675.81
109,SUCURSALA PENTRU ADMINISTRAREA SI INTRETINEREA FONDULUI IMOBILIAR,,"şos. Kiseleff Pavel Dimitrievici nr. 24, P., ap.1, sector 1, Bucureşti",188.92,,atribuire directa,16-Oct-1991,Nedeterminat conform HG 39/1996,0.00,2641.10
110,SUCURSALA PENTRU ADMINISTRAREA SI INTRETINEREA FONDULUI IMOBILIAR,,"şos. Kiseleff Pavel Dimitrievici nr. 24, et.1, ap.3, sector 1, Bucureşti",188.69,,atribuire directa,15-Feb-1991,Nedeterminat conform HG 39/1996,0.00,2481.27
111,SUCURSALA PENTRU ADMINISTRAREA SI INTRETINEREA FONDULUI IMOBILIAR,,"şos. Kiseleff Pavel Dimitrievici nr. 55, vila 9, et. 1, ap.4, sector 1, Bucureşti",123.37,,atribuire directa,7-Sep-2023,27-Jun-2026,2283.91,573.67
112,SUCURSALA PENTRU ADMINISTRAREA SI INTRETINEREA FONDULUI IMOBILIAR,,"str. Lister Joseph, dr. nr. 58, P., ap.1, sector 5, Bucureşti - teren sub construcție -",0.00,12.00,atribuire directa,12-Dec-2000,Nedeterminat,0.00,24.00
113,SUCURSALA PENTRU ADMINISTRAREA SI INTRETINEREA FONDULUI IMOBILIAR,,"str. Lister Joseph, dr. nr. 63, et.1, ap.2, sector 5, Bucureşti",175.04,,atribuire directa,3-Jan-2023,In procedura de eliberare,1490.72,746.06
114,SUCURSALA PENTRU ADMINISTRAREA SI INTRETINEREA FONDULUI IMOBILIAR,,"str. Londra nr. 4, et.2, ap.8, sector 1, Bucureşti",106.40,,atribuire directa,6-Nov-2014,Nedeterminat conform HG 39/1996,0.00,"483,06"
115,SUCURSALA PENTRU ADMINISTRAREA SI INTRETINEREA FONDULUI IMOBILIAR,,"str. Lupu Dionisie nr. 74, et.5, ap.28, sector 1, Bucureşti",125.85,,atribuire directa,22-Oct-2025,21-Oct-2026,816.83,877.17
116,SUCURSALA PENTRU ADMINISTRAREA SI INTRETINEREA FONDULUI IMOBILIAR,,"b-dul Magheru Gheorghe g-ral nr. 24, et. 1, ap. 16 sector 1, Bucureşti",83.18,,atribuire directa,11-Oct-2019,pe perioada mandatului,657.60,315.89
117,SUCURSALA PENTRU ADMINISTRAREA SI INTRETINEREA FONDULUI IMOBILIAR,,"b-dul Magheru Gheorghe g-ral nr. 24, et. 3, ap. 22 sector 1, Bucureşti",73.78,,licitație,27-Mar-2025,26-Mar-2027,629.18,809.37
118,SUCURSALA PENTRU ADMINISTRAREA SI INTRETINEREA FONDULUI IMOBILIAR,,"b-dul Magheru Gheorghe, gen. nr. 24, sc.B, et. 3, ap.24, sector 1, Bucureşti",75.08,,atribuire directa,7-Mar-2024,6-Mar-2027,1278.32,734.28
119,SUCURSALA PENTRU ADMINISTRAREA SI INTRETINEREA FONDULUI IMOBILIAR,,"b-dul Magheru Gheorghe, gen. nr. 24, sc.B, et. 4, ap.28, sector 1, Bucureşti",79.30,,atribuire directa,22-May-2006,21-May-2027,1284.02,"700,22"
120,SUCURSALA PENTRU ADMINISTRAREA SI INTRETINEREA FONDULUI IMOBILIAR,,"b-dul Magheru Gheorghe, gen. nr. 24, sc.B, et. 5, ap.31, sector 1, Bucureşti",91.04,,atribuire directa,7-Sep-2023,6-Sep-2026,856.28,"448,83"
121,SUCURSALA PENTRU ADMINISTRAREA SI INTRETINEREA FONDULUI IMOBILIAR,,"b-dul Magheru Gheorghe, gen. nr. 24, sc.B, et. 6, ap.36, sector 1, Bucureşti",80.03,,atribuire directa/folosină fără titlu,8-Dec-2021,In procedura de evacuare,714.49,401.73
122,SUCURSALA PENTRU ADMINISTRAREA SI INTRETINEREA FONDULUI IMOBILIAR,,"b-dul Magheru Gheorghe, gen. nr. 24, sc.B, et.10, ap.51, sector 1, Bucureşti",52.99,,atribuire directa,27-Dec-2006,Până la soluţionarea situaţiei locative,0.00,"179,11"
123,SUCURSALA PENTRU ADMINISTRAREA SI INTRETINEREA FONDULUI IMOBILIAR,,"str. Manolescu Nicolae, dr. nr. 5-7, P., ap.2, sector 5, Bucureşti - teren sub construcție -",0.00,130.00,atribuire directa,12-Dec-2000,Nedeterminat,0.00,65.00
124,SUCURSALA PENTRU ADMINISTRAREA SI INTRETINEREA FONDULUI IMOBILIAR,,"str. Matei Voievod nr. 21-23, et.2, ap.7, sector 2, Bucureşti",27.57,,atribuire directa,1-Nov-2000,Până la soluţionarea situaţiei locative,0.00,"95,39"
125,SUCURSALA PENTRU ADMINISTRAREA SI INTRETINEREA FONDULUI IMOBILIAR,,"str. Matei Voievod nr. 21-23, et.4, ap.10, sector 2, Bucureşti",27.48,,atribuire directa,17-Mar-2014,Până la soluţionarea situaţiei locative,0.00,"86,56"
126,SUCURSALA PENTRU ADMINISTRAREA SI INTRETINEREA FONDULUI IMOBILIAR,,"str. Matei Voievod nr. 21-23, mns, ap.12, sector 2, Bucureşti",27.23,,atribuire directa,1-Nov-2000,Până la soluţionarea situaţiei locative,0.00,"94,22"
127,SUCURSALA PENTRU ADMINISTRAREA SI INTRETINEREA FONDULUI IMOBILIAR,,"b-dul Mărăşti nr. 49, P., ap.1, sector 1, Bucureşti",186.43,,atribuire directa,28-Mar-1990,Nedeterminat conform HG 39/1996,0.00,1387.12
128,SUCURSALA PENTRU ADMINISTRAREA SI INTRETINEREA FONDULUI IMOBILIAR,,"b-dul Mărăşti nr. 49, P., garaj , sector 1, Bucureşti",0.00,32.40,atribuire directa,29-Mar-1990,Nedeterminat conform HG 39/1996,0.00,122.47
129,SUCURSALA PENTRU ADMINISTRAREA SI INTRETINEREA FONDULUI IMOBILIAR,,"b-dul Mihalache Ion nr. 64, bl.41, et.2, ap.8, sector 1, Bucureşti",50.19,,atribuire directa,1-Dec-2015,Până la soluţionarea situaţiei locative,0.00,247.44
130,SUCURSALA PENTRU ADMINISTRAREA SI INTRETINEREA FONDULUI IMOBILIAR,,"b-dul Mihalache Ion nr. 125, et.2, ap. 8, sector 1, Bucureşti",58.22,,atribuire directa,23-Mar-2004,Până la soluţionarea situaţiei locative,0.00,227.06
131,SUCURSALA PENTRU ADMINISTRAREA SI INTRETINEREA FONDULUI IMOBILIAR,,"b-dul Mihalache Ion nr. 125, et.3,ap. 11, sector 1, Bucureşti",78.49,,atribuire directa,1-May-2019,6-Jul-2026,631.09,362.62
132,SUCURSALA PENTRU ADMINISTRAREA SI INTRETINEREA FONDULUI IMOBILIAR,,"b-dul Mihalache Ion nr. 125, et.5, ap.22, sector 1, Bucureşti",58.88,,atribuire directa,1-Jul-2004,Până la soluţionarea situaţiei locative,0.00,227.87
133,SUCURSALA PENTRU ADMINISTRAREA SI INTRETINEREA FONDULUI IMOBILIAR,,"b-dul Mihalache Ion nr. 125, et.5, ap.23, sector 1, Bucureşti",58.22,,atribuire directa,1-Oct-2015,Până la soluţionarea situaţiei locative,0.00,246.27
134,SUCURSALA PENTRU ADMINISTRAREA SI INTRETINEREA FONDULUI IMOBILIAR,,"b-dul Mihalache Ion nr. 125, et.6, ap.27, sector 1, Bucureşti",58.88,,atribuire directa,17-Mar-2006,Până la soluţionarea situaţiei locative,0.00,227.09
135,SUCURSALA PENTRU ADMINISTRAREA SI INTRETINEREA FONDULUI IMOBILIAR,,"str. Moliere Jean-Baptiste Poquelin nr. 3-5, sector 1, Bucureşti - teren curte",0.00,843.14,atribuire directa,11-Aug-2004,11-Aug-2034,"0,00 Conform Legii 406/2001",0.00
136,SUCURSALA PENTRU ADMINISTRAREA SI INTRETINEREA FONDULUI IMOBILIAR,,"str. Muzeul Zambaccian nr. 14, et.1, ap.2, sector 1, Bucureşti - teren sub construcție -",0.00,24.00,atribuire directa,30-Mar-2005,nedeterminat,0.00,36.00
137,SUCURSALA PENTRU ADMINISTRAREA SI INTRETINEREA FONDULUI IMOBILIAR,,"str. Paris nr. 45A, P., ap. 2, sector 1, Bucureşti",30.83,,licitație,2-Sep-2022,1-Sep-2027,0.00,308.30
138,SUCURSALA PENTRU ADMINISTRAREA SI INTRETINEREA FONDULUI IMOBILIAR,,"str. Paris nr. 45A, et.1, ap.6, sector 1, Bucureşti",122.40,,atribuire directa,16-Apr-2025,26-Jun-2026,901.11,313.42
139,SUCURSALA PENTRU ADMINISTRAREA SI INTRETINEREA FONDULUI IMOBILIAR,,"str. Paris nr. 45A, et.2, ap.7, sector 1, Bucureşti",55.74,,atribuire directa/folosinta fara titlu,13-Mar-2025,In procedura de evacuare,641.95,378.88
140,SUCURSALA PENTRU ADMINISTRAREA SI INTRETINEREA FONDULUI IMOBILIAR,,"str. Paris nr. 45A, et.3, ap.9, sector 1, Bucureşti","117,64",,atribuire directa,1-Sep-2019,9-Sep-2026,3841.97,447.03
141,SUCURSALA PENTRU ADMINISTRAREA SI INTRETINEREA FONDULUI IMOBILIAR,,"str. Philippide Alexandru nr. 12, sector 2, Bucureşti - teren sub construcție -",0.00,18.92,atribuire directa,14-Dec-1982,Nedeterminat conform HG 39/1996,"0,00 Conform HG 39/1996",0.00
142,SUCURSALA PENTRU ADMINISTRAREA SI INTRETINEREA FONDULUI IMOBILIAR,,"str. Pivnicerului nr. 4-6, et.3, ap.16, sector 1, Bucureşti - teren sub construcție -",0.00,29.16,atribuire directa,14-Dec-1982,Nedeterminat conform HG 39/1996,"0,00 Conform HG 39/1996",0.00
143,SUCURSALA PENTRU ADMINISTRAREA SI INTRETINEREA FONDULUI IMOBILIAR,,"str. Polonă nr. 3-5, parter, ap. 2, sector 1, Bucureşti",169.87,,atribuire directa,13-Feb-2025,12-Feb-2027,2830.93,1019.22
144,SUCURSALA PENTRU ADMINISTRAREA SI INTRETINEREA FONDULUI IMOBILIAR,,"str. Polonă nr. 3-5, et.1, ap. 3, sector 1, Bucureşti",151.02,,atribuire directa,27-Mar-2025,26-Mar-2027,1294.75,875.92
145,SUCURSALA PENTRU ADMINISTRAREA SI INTRETINEREA FONDULUI IMOBILIAR,,"str. Polonă nr. 3-5, et.2, ap. 5, sector 1, Bucureşti",132.06,,atribuire directa,29-Feb-2024,08-Nov-26,1722.53,608.8
146,SUCURSALA PENTRU ADMINISTRAREA SI INTRETINEREA FONDULUI IMOBILIAR,,"str. Polonă nr. 3-5, et.2, ap. 6, sector 1, Bucureşti",178.05,,atribuire directa,30-Apr-2009,10-Jan-2027,252.13,1143.08
147,SUCURSALA PENTRU ADMINISTRAREA SI INTRETINEREA FONDULUI IMOBILIAR,,"str. Polonă nr. 3-5, et.3, ap. 8, sector 1, Bucureşti",175.81,,atribuire directa,29-Jan-2026,28-Jan-2027,3919.99,0.00
148,SUCURSALA PENTRU ADMINISTRAREA SI INTRETINEREA FONDULUI IMOBILIAR,,"str. Polonă nr. 3-5, et.4, ap. 9, sector 1, Bucureşti",161.23,,atribuire directa,16-May-2024,15-May-2027,1220.50,786.8
149,SUCURSALA PENTRU ADMINISTRAREA SI INTRETINEREA FONDULUI IMOBILIAR,,"str. Polonă nr. 3-5, et.4, ap. 10, sector 1, Bucureşti",184.42,,atribuire directa,3-Jul-2025,2-Jul-2026,2929.47,1006.93
150,SUCURSALA PENTRU ADMINISTRAREA SI INTRETINEREA FONDULUI IMOBILIAR,,"str. Polonă nr. 3-5, et.5, ap. 12, sector 1, Bucureşti",184.42,,atribuire directa,1-Feb-2024,31-Jan-2027,2463.68,1156.31
151,SUCURSALA PENTRU ADMINISTRAREA SI INTRETINEREA FONDULUI IMOBILIAR,,"str. Polonă nr. 3-5, et.6, ap.14, sector 1, Bucureşti",166.50,,atribuire directa,1-Sep-2019,10-Jan-2027,958.39,1085.58
152,SUCURSALA PENTRU ADMINISTRAREA SI INTRETINEREA FONDULUI IMOBILIAR,,"str. Progresului nr. 13, et.3, ap.7, sector 1, Bucureşti - teren sub construcție -",0.00,14.50,atribuire directa,12-Dec-1990,Nedeterminat conform HG 39/1996,"0,00 Conform HG 39/1996",0.00
153,SUCURSALA PENTRU ADMINISTRAREA SI INTRETINEREA FONDULUI IMOBILIAR,,"str. Racotă Nicolae nr. 12-14, et.6, ap.18, sector 1, Bucureşti",99.29,,atribuire directa,26-Apr-2018,Până la soluţionarea situaţiei locative,0.00,574.89
154,SUCURSALA PENTRU ADMINISTRAREA SI INTRETINEREA FONDULUI IMOBILIAR,,"str. Racotă Nicolae nr. 16-18, parter, ap.2, sector 1, Bucureşti",73.60,,atribuire directa,22-Jul-2025,21-Jul-2026,1036.38,411.42
155,SUCURSALA PENTRU ADMINISTRAREA SI INTRETINEREA FONDULUI IMOBILIAR,,"str. Racotă Nicolae nr. 16-18, et.2, ap.5, sector 1, Bucureşti",97.45,,atribuire directa,20-Feb-2020,25-Oct-2026,405.69,419.03
156,SUCURSALA PENTRU ADMINISTRAREA SI INTRETINEREA FONDULUI IMOBILIAR,,"str. Racotă Nicolae nr. 16-18, et.2, ap.6, sector 1, Bucureşti",85.39,,atribuire directa,7-Jun-2006,Până la soluţionarea situaţiei locative,0.00,368.88
157,SUCURSALA PENTRU ADMINISTRAREA SI INTRETINEREA FONDULUI IMOBILIAR,,"str. Racotă Nicolae nr. 16-18, et.3, ap.7, sector 1, Bucureşti",106.37,,atribuire directa,27-Jun-2025,26-Jun-2026,1373.85,599.59
158,SUCURSALA PENTRU ADMINISTRAREA SI INTRETINEREA FONDULUI IMOBILIAR,,"str. Racotă Nicolae nr. 16-18, et.4, ap.9, sector 1, Bucureşti",116.60,,atribuire directa,23-Oct-2014,27-Feb-2027,"0,00 Conform Legii 448/2006",0.00
159,SUCURSALA PENTRU ADMINISTRAREA SI INTRETINEREA FONDULUI IMOBILIAR,,"str. Racotă Nicolae nr. 16-18, et.5, ap.11, sector 1, Bucureşti",108.00,,atribuire directa,31-Mar-2022,12-Mar-2027,1137.39,484.92
160,SUCURSALA PENTRU ADMINISTRAREA SI INTRETINEREA FONDULUI IMOBILIAR,,"str. Racotă Nicolae nr. 16-18, et.6, ap.13, sector 1, Bucureşti",101.71,,atribuire directa,22-Jan-2025,18-Mar-2027,1005.63,503.46
161,SUCURSALA PENTRU ADMINISTRAREA SI INTRETINEREA FONDULUI IMOBILIAR,,"str. Racotă Nicolae nr. 16-18, et.6, ap.14, sector 1, Bucureşti",90.80,,atribuire directa/folosină fărăr titlu,24-Feb-2022,In procedura de evacuare,475.59,368.67
162,SUCURSALA PENTRU ADMINISTRAREA SI INTRETINEREA FONDULUI IMOBILIAR,,"str. Racotă Nicolae nr. 16-18, et. 7, ap. 15, sector 1, Bucureşti",111.80,,atribuire directa,16-Nov-2023,24-Oct-2026,1292.74,785.95
163,SUCURSALA PENTRU ADMINISTRAREA SI INTRETINEREA FONDULUI IMOBILIAR,,"str. Racotă Nicolae nr. 16-18, et.7, ap.16, sector 1, Bucureşti",87.80,,atribuire directa,12-Feb-2025,12-Feb-2027,1108.28,579.48
164,SUCURSALA PENTRU ADMINISTRAREA SI INTRETINEREA FONDULUI IMOBILIAR,,"str. Russo Alecu nr. 13-19, et. 2, ap.5, sector 2, Bucureşti",258.40,,atribuire directa,12-May-2026,7-Apr-2029,766.63,1020.94
165,SUCURSALA PENTRU ADMINISTRAREA SI INTRETINEREA FONDULUI IMOBILIAR,,"str. Spătar Milescu nr. 65, sector 2, Bucureşti",89.59,,atribuire directa,5-May-1984,Nedeterminat conform HG 39/1996,0.00,"284,90"
166,SUCURSALA PENTRU ADMINISTRAREA SI INTRETINEREA FONDULUI IMOBILIAR,,"str. Spiru Haret nr. 13, P., ap.3, sector 1, Bucureşti - teren sub construcție -",0.00,13.00,atribuire directa,16-May-2007,Nedeterminat conform HG 39/1996,0.00,"26,00"
167,SUCURSALA PENTRU ADMINISTRAREA SI INTRETINEREA FONDULUI IMOBILIAR,,"str. Şipotul Fântânilor nr. 2, sector 1, Bucureşti - teren sub construcție -",0.00,8.00,atribuire directa,16-Nov-2021,Nedeterminat conform HG 39/1996,0.00,"16,00"
168,SUCURSALA PENTRU ADMINISTRAREA SI INTRETINEREA FONDULUI IMOBILIAR,,"șos. Nicolae Titulescu nr. 12, bl.21A, sc. B, et. 6, ap. 81, sector 1, Bucureşti",69.10,,licitație,21-Mar-2024,20-Mar-2029,0.00,"338,59"
169,SUCURSALA PENTRU ADMINISTRAREA SI INTRETINEREA FONDULUI IMOBILIAR,,"str. Tolstoi Lev nr. 25, P., ap.1, sector 1, Bucureşti - teren sub construcție -",0.00,89.57,atribuire directa,22-Feb-2005,nedeterminat,0.00,"179,14"
170,SUCURSALA PENTRU ADMINISTRAREA SI INTRETINEREA FONDULUI IMOBILIAR,,"str. Tolstoi Lev nr. 25, et.1, ap.2, sector 1, Bucureşti - teren sub construcție -",0.00,89.57,atribuire directa,13-Jun-2008,nedeterminat,0.00,"179,14"
171,SUCURSALA PENTRU ADMINISTRAREA SI INTRETINEREA FONDULUI IMOBILIAR,,"str. Tolstoi Lev nr. 27, et.1, ap.2, sector 1, Bucureşti",167.75,87.04,atribuire directa,1-Aug-2023,31-Jul-2026,883.13,940.20
172,SUCURSALA PENTRU ADMINISTRAREA SI INTRETINEREA FONDULUI IMOBILIAR,,"str. Turda nr. 116, et.7, ap.28, sector 1, Bucureşti",65.55,,atribuire directa,1-Jul-2013,Până la soluţionarea situaţiei locative,0.00,"254,33"
173,SUCURSALA PENTRU ADMINISTRAREA SI INTRETINEREA FONDULUI IMOBILIAR,,"str. Turda nr. 120, bl.38, ap.3, sector 1, Bucureşti",82.81,,atribuire directa,11-Jul-2011,Până la soluţionarea situaţiei locative,"0,00 Conform Legii 448/2006",0.00
174,SUCURSALA PENTRU ADMINISTRAREA SI INTRETINEREA FONDULUI IMOBILIAR,,"str. Turda nr. 120, bl.38, et.9, ap.36, sector 1, Bucureşti",66.94,,atribuire directa,6-Jun-2017,Până la soluţionarea situaţiei locative,0.00,"236,30"
175,SUCURSALA PENTRU ADMINISTRAREA SI INTRETINEREA FONDULUI IMOBILIAR,,"str. Vlaicu Aurel, av. nr. 147, sc.1, bl. 20, et.2, ap.9, sector 2, Bucureşti",65.09,,atribuire directa,11-Dec-2002,Până la soluţionarea situaţiei locative,0.00,"261,66"
176,SUCURSALA PENTRU ADMINISTRAREA SI INTRETINEREA FONDULUI IMOBILIAR,,"str. Vlaicu Aurel, av. nr. 147, sc.1, bl. 20, et.3, ap.13, sector 2, Bucureşti",64.64,,atribuire directa,3-Mar-2021,2-Mar-2027,382.63,"317,61"
177,SUCURSALA PENTRU ADMINISTRAREA SI INTRETINEREA FONDULUI IMOBILIAR,,"str. Vlaicu Aurel, av. nr. 147, bl. 20, sc.1, et.4, ap.20, sector 2, Bucureşti",49.59,,atribuire directa,1-Jul-2002,Până la soluţionarea situaţiei locative,0.00,"137,36"
178,SUCURSALA PENTRU ADMINISTRAREA SI INTRETINEREA FONDULUI IMOBILIAR,,"str. Vlaicu Aurel, av. nr. 147, bl.20, sc.2, et.1, ap.49+52, sector 2, Bucureşti",132.81,,atribuire directa,4-Mar-2002,Până la soluţionarea situaţiei locative,0.00,"650,77"
179,SUCURSALA PENTRU ADMINISTRAREA SI INTRETINEREA FONDULUI IMOBILIAR,,"str. Vlaicu Aurel, av. nr. 147, sc.2, et.2, ap.53, sector 2, Bucureşti",64.51,,atribuire directa,1-Nov-2002,Până la soluţionarea situaţiei locative,0.00,"195,47"
180,SUCURSALA PENTRU ADMINISTRAREA SI INTRETINEREA FONDULUI IMOBILIAR,,"str. Vlaicu Aurel, av. nr. 147, sc.2, et.2, ap.54, sector 2, Bucureşti",52.77,,atribuire directa,19-May-2015,Până la soluţionarea situaţiei locative,0.00,"231,66"
181,SUCURSALA PENTRU ADMINISTRAREA SI INTRETINEREA FONDULUI IMOBILIAR,,"str. Vlaicu Aurel, av. nr. 147, sc.2, et.2, ap.55, sector 2, Bucureşti",52.30,,atribuire directa,20-Nov-2015,Până la soluţionarea situaţiei locative,0.00,"243,72"
182,SUCURSALA PENTRU ADMINISTRAREA SI INTRETINEREA FONDULUI IMOBILIAR,,"str. Vlaicu Aurel, av. nr. 147, sc.2, et.2, ap.56, sector 2, Bucureşti",49.05,,atribuire directa,7-Oct-2015,Până la soluţionarea situaţiei locative,0.00,"217,78"
183,SUCURSALA PENTRU ADMINISTRAREA SI INTRETINEREA FONDULUI IMOBILIAR,,"str. Vlaicu Aurel, av. nr. 147, sc.2, et.3, ap.58, sector 2, Bucureşti",52.17,,atribuire directa,12-Nov-2015,Până la soluţionarea situaţiei locative,0.00,"217,03"
184,SUCURSALA PENTRU ADMINISTRAREA SI INTRETINEREA FONDULUI IMOBILIAR,,"str. Vlaicu Aurel, av. nr. 147, bl. 20, sc.2, et.9, ap.81, sector 2, Bucureşti",65.95,,atribuire directa,01-Nov-00,Până la soluţionarea situaţiei locative,0.00,"194,55"
185,SUCURSALA PENTRU ADMINISTRAREA SI INTRETINEREA FONDULUI IMOBILIAR,,"Bd. Prezan C-tin, nr. 2A sector 1, Bucureşti",0.00,160.76,atribuire directa,17-Jul-2001,nedeterminat,0.00,"321,52"
186,SUCURSALA PENTRU ADMINISTRAREA SI INTRETINEREA FONDULUI IMOBILIAR,,"Piața Mihail Kogălniceanu nr. 8, sc. A, et. 6, ap. 34, sector 5, Bucureşti",23.19,,licitație,9-Jun-2022,9-Jun-2027,0.00,"231,90"
187,SUCURSALA PENTRU ADMINISTRAREA SI INTRETINEREA FONDULUI IMOBILIAR,,"Str. Vasile Lascăr nr. 21, et. 4, ap. 11, sector 2, Bucureşti",26.85,,atribuire directa,1-Aug-2019,Până la soluţionarea situaţiei locative,0.00,"33,83"
188,SUCURSALA PENTRU ADMINISTRAREA SI INTRETINEREA FONDULUI IMOBILIAR,,P-ta Presei Libere nr.1,21.94,,licitație,14-Mar-2022,14-Mar-2027,743.82,62.40
189,SUCURSALA PENTRU ADMINISTRAREA SI INTRETINEREA FONDULUI IMOBILIAR,,BD. Gh. Magheru 28-30,30.33,,licitație,21-Apr-2022,15-May-2027,744.79,103.38
190,SUCURSALA PENTRU ADMINISTRAREA SI INTRETINEREA FONDULUI IMOBILIAR,,BD. Gh. Magheru 28-30,15.77,,licitație,16-Aug-2022,15-Aug-2027,486.94,40.32
191,SUCURSALA PENTRU ADMINISTRAREA SI INTRETINEREA FONDULUI IMOBILIAR,,B-dul Regina Elisabeta nr.3,31.05,,licitație,6-Aug-2025,5-Aug-2026,292.14,220.76
192,SUCURSALA PENTRU ADMINISTRAREA SI INTRETINEREA FONDULUI IMOBILIAR,,Str. Cristian Popisteanu nr. 2-4 - Teren sub constructie,,480.04,licitație,6-May-2022,5-May-2027,0.00,1296.11
1,SUCURSALA PENTRU REPREZENTARE SI PROTOCOL SINAIA,,"STR.SPORTULUI ,NR.12 A, SINAIA, JUD.PRAHOVA",31.35,,atribuire directa,28 - Ian - 2013,31-Dec-26,,"125,40"
2,SUCURSALA PENTRU REPREZENTARE SI PROTOCOL SINAIA,,"STR. POSTAVARULUI, NR.10, PREDEAL, JUD.BRASOV",65.82,,atribuire directa,28 - Ian - 2013,"31-Dec-26, Procese pe rolul Judecatoriei Brasov pentru neeliberarea spatiilor",,"279,00"
3,SUCURSALA PENTRU REPREZENTARE SI PROTOCOL SINAIA,,"STR. POSTAVARULUI, NR.10, PREDEAL, JUD.BRASOV",51.91,,atribuire directa,31 - Ian - 2014,"31-Dec-26, Procese pe rolul Judecatoriei Brasov pentru neeliberarea spatiilor",,"220,00"
4,SUCURSALA PENTRU REPREZENTARE SI PROTOCOL SINAIA,,"STR. POSTAVARULUI, NR.10, PREDEAL, JUD.BRASOV",65.14,,atribuire directa,28 - Ian - 2013,"31-Dec-26, Procese pe rolul Judecatoriei Brasov pentru neeliberarea spatiilor",,"276,00"
5,SUCURSALA PENTRU REPREZENTARE SI PROTOCOL SINAIA,,"STR. POSTAVARULUI, NR.10, PREDEAL, JUD.BRASOV",57.62,,atribuire directa,28 - Ian - 2013,"31-Dec-26, Procese pe rolul Judecatoriei Brasov pentru neeliberarea spatiilor",,"244,00"
1,SUCURSALA PENTRU REPREZENTARE SI PROTOCOL TRIUMF,,"Av. Alexandru Serbanescu nr.4-6, sector 1 Bucuresti ap.1","57,34",,atribuire directa,15-Mar-06,pana la solutionarea situatiei locative,,"247,34"
2,SUCURSALA PENTRU REPREZENTARE SI PROTOCOL TRIUMF,,"Av. Alexandru Serbanescu nr.4-6, sector 1 Bucuresti ap.2","54,52",,atribuire directa,15-Mar-06,pana la solutionarea situatiei locative,,"235,17"
3,SUCURSALA PENTRU REPREZENTARE SI PROTOCOL TRIUMF,,"Av. Alexandru Serbanescu nr.4-6, sector 1 Bucuresti ap.5","56,36",,atribuire directa,15-Mar-06,pana la solutionarea situatiei locative,,"256,78"
4,SUCURSALA PENTRU REPREZENTARE SI PROTOCOL TRIUMF,,"Av. Alexandru Serbanescu nr.4-6, sector 1 Bucuresti ap.6","88,82",,atribuire directa,15-Mar-06,pana la solutionarea situatiei locative,,"424,75"
5,SUCURSALA PENTRU REPREZENTARE SI PROTOCOL TRIUMF,,"Av. Alexandru Serbanescu nr.4-6, sector 1 Bucuresti ap.7","56,95",,atribuire directa,15-Mar-06,pana la solutionarea situatiei locative,,"259,45"
6,SUCURSALA PENTRU REPREZENTARE SI PROTOCOL TRIUMF,,"Av. Alexandru Serbanescu nr.4-6, sector 1 Bucuresti ap.8","55,11",,atribuire directa,15-Mar-06,pana la solutionarea situatiei locative,,"249,88"
7,SUCURSALA PENTRU REPREZENTARE SI PROTOCOL TRIUMF,,"Av. Alexandru Serbanescu nr.4-6, sector 1 Bucuresti ap.9","89,62",,atribuire directa,15-Mar-06,pana la solutionarea situatiei locative,,"428,29"
8,SUCURSALA PENTRU REPREZENTARE SI PROTOCOL TRIUMF,,"Av. Alexandru Serbanescu nr.4-6, sector 1 Bucuresti ap.11","56,02",,atribuire directa,15-Mar-06,pana la solutionarea situatiei locative,,"253,81"
9,SUCURSALA PENTRU REPREZENTARE SI PROTOCOL TRIUMF,,"Av. Alexandru Serbanescu nr.4-6, sector 1 Bucuresti ap.12","89,71",,atribuire directa,15-Mar-06,pana la solutionarea situatiei locative,,"428,67"
10,SUCURSALA PENTRU REPREZENTARE SI PROTOCOL TRIUMF,,"Av. Alexandru Serbanescu nr.4-6, sector 1 Bucuresti ap.14","57,17",,atribuire directa,15-Mar-06,pana la solutionarea situatiei locative,,"246,60"
11,SUCURSALA PENTRU REPREZENTARE SI PROTOCOL TRIUMF,,"Av. Alexandru Serbanescu nr.4-6, sector 1 Bucuresti ap.15","56,28",,atribuire directa,15-Mar-06,pana la solutionarea situatiei locative,,"242,77"
12,SUCURSALA PENTRU REPREZENTARE SI PROTOCOL TRIUMF,,"Av. Alexandru Serbanescu nr.4-6, sector 1 Bucuresti ap.17","54,88",,atribuire directa,15-Mar-06,pana la solutionarea situatiei locative,,"250,35"
13,SUCURSALA PENTRU REPREZENTARE SI PROTOCOL TRIUMF,,"Av. Alexandru Serbanescu nr.4-6, sector 1 Bucuresti ap.20","55,72",,atribuire directa,15-Mar-06,pana la solutionarea situatiei locative,,"254,15"
14,SUCURSALA PENTRU REPREZENTARE SI PROTOCOL TRIUMF,,"Av. Alexandru Serbanescu nr.4-6, sector 1 Bucuresti ap.21","55,30",,atribuire directa,15-Mar-06,pana la solutionarea situatiei locative,,"250,70"
15,SUCURSALA PENTRU REPREZENTARE SI PROTOCOL TRIUMF,,"Av. Alexandru Serbanescu nr.4-6, sector 1 Bucuresti ap.22","89,51",,atribuire directa,15-Mar-06,pana la solutionarea situatiei locative,,"427,81"
16,SUCURSALA PENTRU REPREZENTARE SI PROTOCOL TRIUMF,,"Av. Alexandru Serbanescu nr.4-6, sector 1 Bucuresti ap.23",57.05,,atribuire directa,15-Mar-06,pana la solutionarea situatiei locative,,"259,54"
17,SUCURSALA PENTRU REPREZENTARE SI PROTOCOL TRIUMF,,"Av. Alexandru Serbanescu nr.4-6, sector 1 Bucuresti ap.24","56,76",,atribuire directa,15-Mar-06,pana la solutionarea situatiei locative,,"256,99"
18,SUCURSALA PENTRU REPREZENTARE SI PROTOCOL TRIUMF,,"Av. Alexandru Serbanescu nr.4-6, sector 1 Bucuresti ap.25","88,51",,atribuire directa,15-Mar-06,pana la solutionarea situatiei locative,,"423,49"
19,SUCURSALA PENTRU REPREZENTARE SI PROTOCOL TRIUMF,,"Av. Alexandru Serbanescu nr.4-6, sector 1 Bucuresti ap.26","88,82",,atribuire directa,15-Mar-06,pana la solutionarea situatiei locative,,"424,83"
20,SUCURSALA PENTRU REPREZENTARE SI PROTOCOL TRIUMF,,"Av. Alexandru Serbanescu nr.4-6, sector 1 Bucuresti ap.16","55,90",,licitatie publica,1-Aug-25,31-Jul-30,,423
21,SUCURSALA PENTRU REPREZENTARE SI PROTOCOL TRIUMF,,"Aleea Nufarului nr. 1B, Snagov, Ilfov",138,"620,91",licitatie publica,25-Feb-21,24-Feb-27,,500
1,SUCURSALA PENTRU REPREZENTARE SI PROTOCOL VICTORIA CLUJ-NAPOCA,,"Str. Libertatii, Nr. 63, Apahida, Jud. Cluj - C27","26,55",,atribuire directa,27-Oct-99,incetare CIM,"131.92, chirie stabilita conform OUG 40/1999",
1,REGIE,Departamentul Sala Palatului,"Str. Valeriu Braniste nr. 54-56, sector 3, Bucuresti",34.79,,licitatie publica,13-Mar-24,13-Mar-27,,109.59
